--
-- PostgreSQL database dump
--

-- Dumped from database version 16.3
-- Dumped by pg_dump version 16.3

-- Started on 2024-09-30 16:07:15

SET statement_timeout = 0;
SET lock_timeout = 0;
SET idle_in_transaction_session_timeout = 0;
SET client_encoding = 'UTF8';
SET standard_conforming_strings = on;
SELECT pg_catalog.set_config('search_path', '', false);
SET check_function_bodies = false;
SET xmloption = content;
SET client_min_messages = warning;
SET row_security = off;

SET default_tablespace = '';

SET default_table_access_method = heap;

--
-- TOC entry 216 (class 1259 OID 17821)
-- Name: common_names; Type: TABLE; Schema: public; Owner: postgres
--

CREATE TABLE public.common_names (
    id integer NOT NULL,
    scientific_name character varying(128) NOT NULL
);


ALTER TABLE public.common_names OWNER TO postgres;

--
-- TOC entry 215 (class 1259 OID 17816)
-- Name: scientific_names; Type: TABLE; Schema: public; Owner: postgres
--

CREATE TABLE public.scientific_names (
    id integer NOT NULL,
    scientific_name character varying(128) NOT NULL
);


ALTER TABLE public.scientific_names OWNER TO postgres;

--
-- TOC entry 217 (class 1259 OID 17826)
-- Name: sightings; Type: TABLE; Schema: public; Owner: postgres
--

CREATE TABLE public.sightings (
    id character(47) NOT NULL,
    common_name integer NOT NULL,
    scientific_name integer NOT NULL,
    latitude numeric NOT NULL,
    longitude numeric NOT NULL,
    observation_date date NOT NULL
);


ALTER TABLE public.sightings OWNER TO postgres;

--
-- TOC entry 4847 (class 0 OID 17821)
-- Dependencies: 216
-- Data for Name: common_names; Type: TABLE DATA; Schema: public; Owner: postgres
--

COPY public.common_names (id, scientific_name) FROM stdin;
1	American Crow
2	American Goldfinch
3	American Kestrel
4	American Robin
5	American White Pelican
6	Anhinga
7	Bald Eagle
8	Baltimore Oriole
9	Barn Swallow
10	Belted Kingfisher
11	Black Vulture
12	Blue Grosbeak
13	Blue Jay
14	Brown-headed Cowbird
15	Brown-headed Nuthatch
16	Barred Owl
17	Brown Thrasher
18	Broad-winged Hawk
19	Black-throated Green Warbler
20	Blue-gray Gnatcatcher
21	Blue-headed Vireo
22	Blue-winged Teal
23	Canada Goose
24	Carolina Chickadee
25	Carolina Wren
26	Cattle Egret
27	Cedar Waxwing
28	Chipping Sparrow
29	Chimney Swift
30	Chuck-will's-widow
31	Cliff Swallow
32	Common Grackle
33	Common Nighthawk
34	Common Yellowthroat
35	Cooper's Hawk
36	Double-crested Cormorant
37	Downy Woodpecker
38	Eastern Bluebird
39	Eastern Kingbird
40	Eastern Meadowlark
41	Eastern Phoebe
42	Eastern Towhee
43	Eurasian Collared-Dove
44	European Starling
45	Fish Crow
46	Great Blue Heron
47	Great Crested Flycatcher
48	Great Egret
49	Green Heron
50	Gray Catbird
51	Hermit Thrush
52	House Finch
53	House Sparrow
54	House Wren
55	Indigo Bunting
56	Kentucky Warbler
57	Killdeer
58	Loggerhead Shrike
59	Mallard
60	Mississippi Kite
61	Mourning Dove
62	Northern Cardinal
63	Northern Flicker
64	Northern Mockingbird
65	Northern Parula
66	Northern Shoveler
67	Northern Waterthrush
68	Northern Rough-winged Swallow
69	Orchard Oriole
70	Orange-crowned Warbler
71	Osprey
72	Palm Warbler
73	Pied-billed Grebe
74	Pileated Woodpecker
75	Pine Warbler
76	Prairie Warbler
77	Prothonotary Warbler
78	Purple Finch
79	Purple Martin
80	Red-bellied Woodpecker
81	Red-eyed Vireo
82	Red-headed Woodpecker
83	Red-shouldered Hawk
84	Red-tailed Hawk
85	Red-winged Blackbird
86	Rose-breasted Grosbeak
87	Ruby-throated Hummingbird
88	Ruby-crowned Kinglet
89	Savannah Sparrow
90	Scarlet Tanager
91	Sharp-shinned Hawk
92	Song Sparrow
93	Summer Tanager
94	Tree Swallow
95	Tufted Titmouse
96	Turkey Vulture
97	White-breasted Nuthatch
98	White-eyed Vireo
99	White-throated Sparrow
100	White-winged Dove
101	Wilson's Snipe
102	Wild Turkey
103	Wood Duck
104	Wood Thrush
105	American Coot
106	Yellow-rumped Warbler
107	Yellow-throated Vireo
108	Yellow-throated Warbler
\.


--
-- TOC entry 4846 (class 0 OID 17816)
-- Dependencies: 215
-- Data for Name: scientific_names; Type: TABLE DATA; Schema: public; Owner: postgres
--

COPY public.scientific_names (id, scientific_name) FROM stdin;
1	Corvus brachyrhynchos
2	Spinus tristis
3	Falco sparverius
4	Turdus migratorius
5	Pelecanus erythrorhynchos
6	Anhinga anhinga
7	Haliaeetus leucocephalus
8	Icterus galbula
9	Hirundo rustica
10	Megaceryle alcyon
11	Coragyps atratus
12	Passerina caerulea
13	Cyanocitta cristata
14	Molothrus ater
15	Sitta pusilla
16	Strix varia
17	Toxostoma rufum
18	Buteo platypterus
19	Setophaga virens
20	Polioptila caerulea
21	Vireo solitarius
22	Spatula discors
23	Branta canadensis
24	Poecile carolinensis
25	Thryothorus ludovicianus
26	Bubulcus ibis
27	Bombycilla cedrorum
28	Spizella passerina
29	Chaetura pelagica
30	Antrostomus carolinensis
31	Petrochelidon pyrrhonota
32	Quiscalus quiscula
33	Chordeiles minor
34	Geothlypis trichas
35	Accipiter cooperii
36	Nannopterum auritum
37	Dryobates pubescens
38	Sialia sialis
39	Tyrannus tyrannus
40	Sturnella magna
41	Sayornis phoebe
42	Pipilo erythrophthalmus
43	Streptopelia decaocto
44	Sturnus vulgaris
45	Corvus ossifragus
46	Ardea herodias
47	Myiarchus crinitus
48	Ardea alba
49	Butorides virescens
50	Dumetella carolinensis
51	Catharus guttatus
52	Haemorhous mexicanus
53	Passer domesticus
54	Troglodytes aedon
55	Passerina cyanea
56	Geothlypis formosa
57	Charadrius vociferus
58	Lanius ludovicianus
59	Anas platyrhynchos
60	Ictinia mississippiensis
61	Zenaida macroura
62	Cardinalis cardinalis
63	Colaptes auratus
64	Mimus polyglottos
65	Setophaga americana
66	Spatula clypeata
67	Parkesia noveboracensis
68	Stelgidopteryx serripennis
69	Icterus spurius
70	Leiothlypis celata
71	Pandion haliaetus
72	Setophaga palmarum
73	Podilymbus podiceps
74	Dryocopus pileatus
75	Setophaga pinus
76	Setophaga discolor
77	Protonotaria citrea
78	Haemorhous purpureus
79	Progne subis
80	Melanerpes carolinus
81	Vireo olivaceus
82	Melanerpes erythrocephalus
83	Buteo lineatus
84	Buteo jamaicensis
85	Agelaius phoeniceus
86	Pheucticus ludovicianus
87	Archilochus colubris
88	Corthylio calendula
89	Passerculus sandwichensis
90	Piranga olivacea
91	Accipiter striatus
92	Melospiza melodia
93	Piranga rubra
94	Tachycineta bicolor
95	Baeolophus bicolor
96	Cathartes aura
97	Sitta carolinensis
98	Vireo griseus
99	Zonotrichia albicollis
100	Zenaida asiatica
101	Gallinago delicata
102	Meleagris gallopavo
103	Aix sponsa
104	Hylocichla mustelina
105	Fulica americana
106	Setophaga coronata
107	Vireo flavifrons
108	Setophaga dominica
\.


--
-- TOC entry 4848 (class 0 OID 17826)
-- Dependencies: 217
-- Data for Name: sightings; Type: TABLE DATA; Schema: public; Owner: postgres
--

COPY public.sightings (id, common_name, scientific_name, latitude, longitude, observation_date) FROM stdin;
URN:CornellLabOfOrnithology:EBIRD:OBS1408495335	1	1	32.176196	-86.352121	2022-04-29
URN:CornellLabOfOrnithology:EBIRD:OBS1406077901	1	1	32.3582845	-86.4544322	2022-04-26
URN:CornellLabOfOrnithology:EBIRD:OBS1401854254	1	1	32.310409	-86.101011	2022-04-23
URN:CornellLabOfOrnithology:EBIRD:OBS1414367166	1	1	32.1057265	-86.0246692	2022-04-28
URN:CornellLabOfOrnithology:EBIRD:OBS1395326171	1	1	32.345618	-86.03291	2022-04-17
URN:CornellLabOfOrnithology:EBIRD:OBS1401854268	1	1	32.310409	-86.101011	2022-04-23
URN:CornellLabOfOrnithology:EBIRD:OBS1381086440	1	1	32.3718558	-86.3137808	2022-04-02
URN:CornellLabOfOrnithology:EBIRD:OBS1402674634	1	1	32.3351544	-86.0373657	2022-04-23
URN:CornellLabOfOrnithology:EBIRD:OBS1399866645	1	1	32.2531502	-86.3512194	2022-04-22
URN:CornellLabOfOrnithology:EBIRD:OBS1398571080	1	1	32.0492756	-86.2220963	2022-04-19
URN:CornellLabOfOrnithology:EBIRD:OBS1411953259	1	1	32.310409	-86.101011	2022-04-23
URN:CornellLabOfOrnithology:EBIRD:OBS1384734633	2	2	32.3776781	-86.2292218	2022-04-03
URN:CornellLabOfOrnithology:EBIRD:OBS1390896707	2	2	32.34045	-86.183704	2022-04-13
URN:CornellLabOfOrnithology:EBIRD:OBS1407322575	2	2	32.369819	-86.180017	2022-04-13
URN:CornellLabOfOrnithology:EBIRD:OBS1380928711	2	2	32.34045	-86.183688	2022-04-02
URN:CornellLabOfOrnithology:EBIRD:OBS1408495337	3	3	32.176196	-86.352121	2022-04-29
URN:CornellLabOfOrnithology:EBIRD:OBS1392634232	4	4	32.3804326	-86.2308741	2022-04-15
URN:CornellLabOfOrnithology:EBIRD:OBS1389939261	4	4	32.3804326	-86.2308741	2022-04-12
URN:CornellLabOfOrnithology:EBIRD:OBS1408469184	4	4	32.3804326	-86.2308741	2022-04-29
URN:CornellLabOfOrnithology:EBIRD:OBS1401681219	4	4	32.369819	-86.180017	2022-04-23
URN:CornellLabOfOrnithology:EBIRD:OBS1380248607	4	4	32.369819	-86.180017	2022-04-01
URN:CornellLabOfOrnithology:EBIRD:OBS1404904568	4	4	32.3804326	-86.2308741	2022-04-26
URN:CornellLabOfOrnithology:EBIRD:OBS1390003066	4	4	32.34045	-86.183704	2022-04-12
URN:CornellLabOfOrnithology:EBIRD:OBS1405810314	4	4	32.340487	-86.183744	2022-04-27
URN:CornellLabOfOrnithology:EBIRD:OBS1389136292	4	4	32.340466	-86.183694	2022-04-11
URN:CornellLabOfOrnithology:EBIRD:OBS1406979102	4	4	32.3804326	-86.2308741	2022-04-28
URN:CornellLabOfOrnithology:EBIRD:OBS1404432739	4	4	32.3582845	-86.4544322	2022-04-25
URN:CornellLabOfOrnithology:EBIRD:OBS1398927980	4	4	32.3804326	-86.2308741	2022-04-21
URN:CornellLabOfOrnithology:EBIRD:OBS1380670880	4	4	32.3804326	-86.2308741	2022-04-02
URN:CornellLabOfOrnithology:EBIRD:OBS1395223929	4	4	32.331019	-86.154447	2022-04-17
URN:CornellLabOfOrnithology:EBIRD:OBS1405942670	4	4	32.3804326	-86.2308741	2022-04-27
URN:CornellLabOfOrnithology:EBIRD:OBS1410457776	4	4	32.3776781	-86.2292218	2022-04-29
URN:CornellLabOfOrnithology:EBIRD:OBS1402969881	4	4	32.3804326	-86.2308741	2022-04-23
URN:CornellLabOfOrnithology:EBIRD:OBS1387000445	4	4	32.350746	-86.211773	2022-04-09
URN:CornellLabOfOrnithology:EBIRD:OBS1409167957	4	4	32.340434	-86.183793	2022-04-30
URN:CornellLabOfOrnithology:EBIRD:OBS1396084291	4	4	32.34045	-86.183704	2022-04-18
URN:CornellLabOfOrnithology:EBIRD:OBS1400067082	4	4	32.3804326	-86.2308741	2022-04-22
URN:CornellLabOfOrnithology:EBIRD:OBS1404750873	4	4	32.340396	-86.183705	2022-04-26
URN:CornellLabOfOrnithology:EBIRD:OBS1406077918	4	4	32.3582845	-86.4544322	2022-04-26
URN:CornellLabOfOrnithology:EBIRD:OBS1404086125	4	4	32.340489	-86.183732	2022-04-25
URN:CornellLabOfOrnithology:EBIRD:OBS1392227683	4	4	32.352449	-86.284184	2022-04-14
URN:CornellLabOfOrnithology:EBIRD:OBS1391696799	4	4	32.3804326	-86.2308741	2022-04-14
URN:CornellLabOfOrnithology:EBIRD:OBS1397985466	4	4	32.3804326	-86.2308741	2022-04-20
URN:CornellLabOfOrnithology:EBIRD:OBS1393192253	4	4	32.349053	-86.16891	2022-04-15
URN:CornellLabOfOrnithology:EBIRD:OBS1390888940	4	4	32.401183	-86.222708	2022-04-13
URN:CornellLabOfOrnithology:EBIRD:OBS1389148050	4	4	32.3804326	-86.2308741	2022-04-11
URN:CornellLabOfOrnithology:EBIRD:OBS1390487493	4	4	32.3804326	-86.2308741	2022-04-12
URN:CornellLabOfOrnithology:EBIRD:OBS1405211515	4	4	32.3582845	-86.4544322	2022-04-26
URN:CornellLabOfOrnithology:EBIRD:OBS1381834704	4	4	32.3804326	-86.2308741	2022-04-03
URN:CornellLabOfOrnithology:EBIRD:OBS1407894000	4	4	32.3776781	-86.2292218	2022-04-28
URN:CornellLabOfOrnithology:EBIRD:OBS1380218684	4	4	32.3804326	-86.2308741	2022-04-01
URN:CornellLabOfOrnithology:EBIRD:OBS1409848822	4	4	32.37766	-86.3006008	2022-04-30
URN:CornellLabOfOrnithology:EBIRD:OBS1403706954	4	4	32.3804326	-86.2308741	2022-04-25
URN:CornellLabOfOrnithology:EBIRD:OBS1395326169	4	4	32.345618	-86.03291	2022-04-17
URN:CornellLabOfOrnithology:EBIRD:OBS1392219820	4	4	32.352449	-86.284184	2022-04-14
URN:CornellLabOfOrnithology:EBIRD:OBS1409255195	4	4	32.3804326	-86.2308741	2022-04-30
URN:CornellLabOfOrnithology:EBIRD:OBS1383040718	4	4	32.3804326	-86.2308741	2022-04-04
URN:CornellLabOfOrnithology:EBIRD:OBS1388655048	4	4	32.3804326	-86.2308741	2022-04-10
URN:CornellLabOfOrnithology:EBIRD:OBS1399968946	4	4	32.3804326	-86.2308741	2022-04-22
URN:CornellLabOfOrnithology:EBIRD:OBS1385180931	4	4	32.3804326	-86.2308741	2022-04-07
URN:CornellLabOfOrnithology:EBIRD:OBS1384435982	4	4	32.3804326	-86.2308741	2022-04-06
URN:CornellLabOfOrnithology:EBIRD:OBS1383548237	4	4	32.3804326	-86.2308741	2022-04-04
URN:CornellLabOfOrnithology:EBIRD:OBS1407971621	4	4	32.340487	-86.183744	2022-04-29
URN:CornellLabOfOrnithology:EBIRD:OBS1406468034	4	4	32.3582845	-86.4544322	2022-04-27
URN:CornellLabOfOrnithology:EBIRD:OBS1404410922	4	4	32.3995123	-86.2546706	2022-04-25
URN:CornellLabOfOrnithology:EBIRD:OBS1396811405	4	4	32.3804326	-86.2308741	2022-04-18
URN:CornellLabOfOrnithology:EBIRD:OBS1409205530	4	4	32.3804326	-86.2308741	2022-04-30
URN:CornellLabOfOrnithology:EBIRD:OBS1390928883	4	4	32.401004	-86.225994	2022-04-13
URN:CornellLabOfOrnithology:EBIRD:OBS1401374899	4	4	32.369819	-86.180017	2022-04-23
URN:CornellLabOfOrnithology:EBIRD:OBS1381896884	4	4	32.3804326	-86.2308741	2022-04-03
URN:CornellLabOfOrnithology:EBIRD:OBS1393879177	4	4	32.331019	-86.154447	2022-04-16
URN:CornellLabOfOrnithology:EBIRD:OBS1399431873	4	4	32.3804326	-86.2308741	2022-04-21
URN:CornellLabOfOrnithology:EBIRD:OBS1395128983	4	4	32.354921	-86.298426	2022-04-17
URN:CornellLabOfOrnithology:EBIRD:OBS1380928709	4	4	32.34045	-86.183688	2022-04-02
URN:CornellLabOfOrnithology:EBIRD:OBS1402841346	4	4	32.3804326	-86.2308741	2022-04-24
URN:CornellLabOfOrnithology:EBIRD:OBS1402426926	4	4	32.3804326	-86.2308741	2022-04-24
URN:CornellLabOfOrnithology:EBIRD:OBS1409517816	4	4	32.379728	-86.218634	2022-04-30
URN:CornellLabOfOrnithology:EBIRD:OBS1390984420	4	4	32.4151632	-86.2256974	2022-04-13
URN:CornellLabOfOrnithology:EBIRD:OBS1399504904	4	4	32.3776781	-86.2292218	2022-04-21
URN:CornellLabOfOrnithology:EBIRD:OBS1402919673	4	4	32.3695524	-86.2294713	2022-04-24
URN:CornellLabOfOrnithology:EBIRD:OBS1380640100	4	4	32.3804326	-86.2308741	2022-04-02
URN:CornellLabOfOrnithology:EBIRD:OBS1402640677	5	5	32.3351544	-86.0373657	2022-04-23
URN:CornellLabOfOrnithology:EBIRD:OBS1397547252	5	5	32.350288	-86.0243332	2022-04-19
URN:CornellLabOfOrnithology:EBIRD:OBS1392103445	5	5	32.350288	-86.0243332	2022-04-14
URN:CornellLabOfOrnithology:EBIRD:OBS1387367724	5	5	32.350288	-86.0243332	2022-04-09
URN:CornellLabOfOrnithology:EBIRD:OBS1402640676	6	6	32.3351544	-86.0373657	2022-04-23
URN:CornellLabOfOrnithology:EBIRD:OBS1392117831	6	6	32.351844	-86.018314	2022-04-14
URN:CornellLabOfOrnithology:EBIRD:OBS1392110705	7	7	32.369694	-86.13123	2022-04-14
URN:CornellLabOfOrnithology:EBIRD:OBS1392998711	7	7	32.238883	-86.377029	2022-04-15
URN:CornellLabOfOrnithology:EBIRD:OBS1399216708	8	8	32.3776781	-86.2292218	2022-04-21
URN:CornellLabOfOrnithology:EBIRD:OBS1390984426	8	8	32.4151632	-86.2256974	2022-04-13
URN:CornellLabOfOrnithology:EBIRD:OBS1386428569	8	8	32.3776781	-86.2292218	2022-04-08
URN:CornellLabOfOrnithology:EBIRD:OBS1398622200	8	8	32.3776781	-86.2292218	2022-04-18
URN:CornellLabOfOrnithology:EBIRD:OBS1384731076	8	8	32.3776781	-86.2292218	2022-04-06
URN:CornellLabOfOrnithology:EBIRD:OBS1405211506	8	8	32.3582845	-86.4544322	2022-04-26
URN:CornellLabOfOrnithology:EBIRD:OBS1406468043	8	8	32.3582845	-86.4544322	2022-04-27
URN:CornellLabOfOrnithology:EBIRD:OBS1384729176	8	8	32.3776781	-86.2292218	2022-04-03
URN:CornellLabOfOrnithology:EBIRD:OBS1399504900	8	8	32.3776781	-86.2292218	2022-04-21
URN:CornellLabOfOrnithology:EBIRD:OBS1398571077	8	8	32.0492756	-86.2220963	2022-04-19
URN:CornellLabOfOrnithology:EBIRD:OBS1386441115	8	8	32.3776781	-86.2292218	2022-04-06
URN:CornellLabOfOrnithology:EBIRD:OBS1397643936	8	8	32.3776781	-86.2292218	2022-04-18
URN:CornellLabOfOrnithology:EBIRD:OBS1387000443	9	9	32.350746	-86.211773	2022-04-09
URN:CornellLabOfOrnithology:EBIRD:OBS1399866654	9	9	32.2531502	-86.3512194	2022-04-22
URN:CornellLabOfOrnithology:EBIRD:OBS1402640684	9	9	32.3351544	-86.0373657	2022-04-23
URN:CornellLabOfOrnithology:EBIRD:OBS1392103436	9	9	32.350288	-86.0243332	2022-04-14
URN:CornellLabOfOrnithology:EBIRD:OBS1418583326	9	9	32.309383	-86.181432	2022-04-13
URN:CornellLabOfOrnithology:EBIRD:OBS1392117838	9	9	32.351844	-86.018314	2022-04-14
URN:CornellLabOfOrnithology:EBIRD:OBS1392086016	9	9	32.3362785	-86.0345364	2022-04-14
URN:CornellLabOfOrnithology:EBIRD:OBS1390984412	9	9	32.4151632	-86.2256974	2022-04-13
URN:CornellLabOfOrnithology:EBIRD:OBS1418574191	10	10	32.309383	-86.181432	2022-04-04
URN:CornellLabOfOrnithology:EBIRD:OBS1380974027	11	11	32.130931	-86.0838688	2022-04-02
URN:CornellLabOfOrnithology:EBIRD:OBS1399865120	11	11	32.213622	-86.404974	2022-04-22
URN:CornellLabOfOrnithology:EBIRD:OBS1418578815	11	11	32.309383	-86.181432	2022-04-13
URN:CornellLabOfOrnithology:EBIRD:OBS1397837471	11	11	32.278128	-86.346824	2022-04-18
URN:CornellLabOfOrnithology:EBIRD:OBS1396269507	11	11	32.378595	-86.018266	2022-04-18
URN:CornellLabOfOrnithology:EBIRD:OBS1408442579	11	11	32.250885	-86.367421	2022-04-29
URN:CornellLabOfOrnithology:EBIRD:OBS1401374888	11	11	32.369819	-86.180017	2022-04-23
URN:CornellLabOfOrnithology:EBIRD:OBS1399866651	11	11	32.2531502	-86.3512194	2022-04-22
URN:CornellLabOfOrnithology:EBIRD:OBS1402674629	11	11	32.3351544	-86.0373657	2022-04-23
URN:CornellLabOfOrnithology:EBIRD:OBS1400981413	11	11	32.2113232	-86.4060972	2022-04-23
URN:CornellLabOfOrnithology:EBIRD:OBS1401681208	11	11	32.369819	-86.180017	2022-04-23
URN:CornellLabOfOrnithology:EBIRD:OBS1391477401	11	11	32.3351544	-86.0373657	2022-04-13
URN:CornellLabOfOrnithology:EBIRD:OBS1397837469	11	11	32.278128	-86.346824	2022-04-18
URN:CornellLabOfOrnithology:EBIRD:OBS1402503250	11	11	32.369819	-86.180017	2022-04-24
URN:CornellLabOfOrnithology:EBIRD:OBS1397837470	11	11	32.278128	-86.346824	2022-04-18
URN:CornellLabOfOrnithology:EBIRD:OBS1401374892	12	12	32.369819	-86.180017	2022-04-23
URN:CornellLabOfOrnithology:EBIRD:OBS1401681212	12	12	32.369819	-86.180017	2022-04-23
URN:CornellLabOfOrnithology:EBIRD:OBS1399866646	12	12	32.2531502	-86.3512194	2022-04-22
URN:CornellLabOfOrnithology:EBIRD:OBS1398571078	12	12	32.0492756	-86.2220963	2022-04-19
URN:CornellLabOfOrnithology:EBIRD:OBS1402420913	13	13	32.372287	-86.176046	2022-04-24
URN:CornellLabOfOrnithology:EBIRD:OBS1385626220	13	13	32.3804326	-86.2308741	2022-04-07
URN:CornellLabOfOrnithology:EBIRD:OBS1409848824	13	13	32.37766	-86.3006008	2022-04-30
URN:CornellLabOfOrnithology:EBIRD:OBS1402503257	13	13	32.369819	-86.180017	2022-04-24
URN:CornellLabOfOrnithology:EBIRD:OBS1397648441	13	13	32.3776781	-86.2292218	2022-04-12
URN:CornellLabOfOrnithology:EBIRD:OBS1409255198	13	13	32.3804326	-86.2308741	2022-04-30
URN:CornellLabOfOrnithology:EBIRD:OBS1392227689	13	13	32.352449	-86.284184	2022-04-14
URN:CornellLabOfOrnithology:EBIRD:OBS1380605933	13	13	32.133615	-86.380937	2022-04-02
URN:CornellLabOfOrnithology:EBIRD:OBS1405942671	13	13	32.3804326	-86.2308741	2022-04-27
URN:CornellLabOfOrnithology:EBIRD:OBS1406520249	13	13	32.3776781	-86.2292218	2022-04-27
URN:CornellLabOfOrnithology:EBIRD:OBS1404407886	13	13	32.3776781	-86.2292218	2022-04-25
URN:CornellLabOfOrnithology:EBIRD:OBS1388042685	13	13	32.3804326	-86.2308741	2022-04-10
URN:CornellLabOfOrnithology:EBIRD:OBS1399504907	13	13	32.3776781	-86.2292218	2022-04-21
URN:CornellLabOfOrnithology:EBIRD:OBS1389982983	13	13	32.3804326	-86.2308741	2022-04-12
URN:CornellLabOfOrnithology:EBIRD:OBS1407322579	13	13	32.369819	-86.180017	2022-04-13
URN:CornellLabOfOrnithology:EBIRD:OBS1390888935	13	13	32.401183	-86.222708	2022-04-13
URN:CornellLabOfOrnithology:EBIRD:OBS1398570343	13	13	32.0492756	-86.2220963	2022-04-19
URN:CornellLabOfOrnithology:EBIRD:OBS1396158610	13	13	32.3804326	-86.2308741	2022-04-18
URN:CornellLabOfOrnithology:EBIRD:OBS1405851364	13	13	32.3776781	-86.2292218	2022-04-26
URN:CornellLabOfOrnithology:EBIRD:OBS1407893999	13	13	32.3776781	-86.2292218	2022-04-28
URN:CornellLabOfOrnithology:EBIRD:OBS1405888539	13	13	32.3804326	-86.2308741	2022-04-27
URN:CornellLabOfOrnithology:EBIRD:OBS1409517817	13	13	32.379728	-86.218634	2022-04-30
URN:CornellLabOfOrnithology:EBIRD:OBS1404410920	13	13	32.3995123	-86.2546706	2022-04-25
URN:CornellLabOfOrnithology:EBIRD:OBS1408134931	13	13	32.3804326	-86.2308741	2022-04-29
URN:CornellLabOfOrnithology:EBIRD:OBS1401681220	13	13	32.369819	-86.180017	2022-04-23
URN:CornellLabOfOrnithology:EBIRD:OBS1406077902	13	13	32.3582845	-86.4544322	2022-04-26
URN:CornellLabOfOrnithology:EBIRD:OBS1402426928	13	13	32.3804326	-86.2308741	2022-04-24
URN:CornellLabOfOrnithology:EBIRD:OBS1404086123	13	13	32.340489	-86.183732	2022-04-25
URN:CornellLabOfOrnithology:EBIRD:OBS1404820613	13	13	32.3804326	-86.2308741	2022-04-26
URN:CornellLabOfOrnithology:EBIRD:OBS1404904567	13	13	32.3804326	-86.2308741	2022-04-26
URN:CornellLabOfOrnithology:EBIRD:OBS1395282695	13	13	32.176196	-86.352121	2022-04-17
URN:CornellLabOfOrnithology:EBIRD:OBS1408469181	13	13	32.3804326	-86.2308741	2022-04-29
URN:CornellLabOfOrnithology:EBIRD:OBS1399866635	13	13	32.2531502	-86.3512194	2022-04-22
URN:CornellLabOfOrnithology:EBIRD:OBS1390928880	13	13	32.401004	-86.225994	2022-04-13
URN:CornellLabOfOrnithology:EBIRD:OBS1383548235	13	13	32.3804326	-86.2308741	2022-04-04
URN:CornellLabOfOrnithology:EBIRD:OBS1401374900	13	13	32.369819	-86.180017	2022-04-23
URN:CornellLabOfOrnithology:EBIRD:OBS1387367723	13	13	32.350288	-86.0243332	2022-04-09
URN:CornellLabOfOrnithology:EBIRD:OBS1408495329	13	13	32.176196	-86.352121	2022-04-29
URN:CornellLabOfOrnithology:EBIRD:OBS1404432741	13	13	32.3582845	-86.4544322	2022-04-25
URN:CornellLabOfOrnithology:EBIRD:OBS1406468052	13	13	32.3582845	-86.4544322	2022-04-27
URN:CornellLabOfOrnithology:EBIRD:OBS1386948678	13	13	32.3804326	-86.2308741	2022-04-09
URN:CornellLabOfOrnithology:EBIRD:OBS1381086438	13	13	32.3718558	-86.3137808	2022-04-02
URN:CornellLabOfOrnithology:EBIRD:OBS1380218677	13	13	32.3804326	-86.2308741	2022-04-01
URN:CornellLabOfOrnithology:EBIRD:OBS1381711304	13	13	32.369819	-86.180017	2022-04-03
URN:CornellLabOfOrnithology:EBIRD:OBS1410470876	13	13	32.3776781	-86.2292218	2022-04-30
URN:CornellLabOfOrnithology:EBIRD:OBS1402969884	13	13	32.3804326	-86.2308741	2022-04-23
URN:CornellLabOfOrnithology:EBIRD:OBS1390984406	13	13	32.4151632	-86.2256974	2022-04-13
URN:CornellLabOfOrnithology:EBIRD:OBS1380248608	13	13	32.369819	-86.180017	2022-04-01
URN:CornellLabOfOrnithology:EBIRD:OBS1405211513	13	13	32.3582845	-86.4544322	2022-04-26
URN:CornellLabOfOrnithology:EBIRD:OBS1393291236	13	13	32.354921	-86.298426	2022-04-15
URN:CornellLabOfOrnithology:EBIRD:OBS1399219269	13	13	32.3776781	-86.2292218	2022-04-21
URN:CornellLabOfOrnithology:EBIRD:OBS1393192252	13	13	32.349053	-86.16891	2022-04-15
URN:CornellLabOfOrnithology:EBIRD:OBS1383562500	13	13	32.3804326	-86.2308741	2022-04-05
URN:CornellLabOfOrnithology:EBIRD:OBS1410457773	13	13	32.3776781	-86.2292218	2022-04-29
URN:CornellLabOfOrnithology:EBIRD:OBS1390965505	13	13	32.3804326	-86.2308741	2022-04-13
URN:CornellLabOfOrnithology:EBIRD:OBS1397643935	13	13	32.3776781	-86.2292218	2022-04-18
URN:CornellLabOfOrnithology:EBIRD:OBS1380670879	13	13	32.3804326	-86.2308741	2022-04-02
URN:CornellLabOfOrnithology:EBIRD:OBS1402655725	13	13	32.3351544	-86.0373657	2022-04-23
URN:CornellLabOfOrnithology:EBIRD:OBS1386059166	13	13	32.3804326	-86.2308741	2022-04-08
URN:CornellLabOfOrnithology:EBIRD:OBS1386441111	13	13	32.3776781	-86.2292218	2022-04-06
URN:CornellLabOfOrnithology:EBIRD:OBS1391481784	14	14	32.3351544	-86.0373657	2022-04-13
URN:CornellLabOfOrnithology:EBIRD:OBS1398571076	14	14	32.0492756	-86.2220963	2022-04-19
URN:CornellLabOfOrnithology:EBIRD:OBS1402503245	14	14	32.369819	-86.180017	2022-04-24
URN:CornellLabOfOrnithology:EBIRD:OBS1387367715	14	14	32.350288	-86.0243332	2022-04-09
URN:CornellLabOfOrnithology:EBIRD:OBS1390984418	14	14	32.4151632	-86.2256974	2022-04-13
URN:CornellLabOfOrnithology:EBIRD:OBS1387000448	14	14	32.350746	-86.211773	2022-04-09
URN:CornellLabOfOrnithology:EBIRD:OBS1406468042	14	14	32.3582845	-86.4544322	2022-04-27
URN:CornellLabOfOrnithology:EBIRD:OBS1402674640	14	14	32.3351544	-86.0373657	2022-04-23
URN:CornellLabOfOrnithology:EBIRD:OBS1408495340	14	14	32.176196	-86.352121	2022-04-29
URN:CornellLabOfOrnithology:EBIRD:OBS1380248604	14	14	32.369819	-86.180017	2022-04-01
URN:CornellLabOfOrnithology:EBIRD:OBS1386948679	14	14	32.3804326	-86.2308741	2022-04-09
URN:CornellLabOfOrnithology:EBIRD:OBS1380121706	15	15	32.3695524	-86.2294713	2022-04-01
URN:CornellLabOfOrnithology:EBIRD:OBS1384495771	15	15	32.3804326	-86.2308741	2022-04-06
URN:CornellLabOfOrnithology:EBIRD:OBS1409205532	15	15	32.3804326	-86.2308741	2022-04-30
URN:CornellLabOfOrnithology:EBIRD:OBS1385180935	15	15	32.3804326	-86.2308741	2022-04-07
URN:CornellLabOfOrnithology:EBIRD:OBS1402919679	15	15	32.3695524	-86.2294713	2022-04-24
URN:CornellLabOfOrnithology:EBIRD:OBS1402420918	15	15	32.372287	-86.176046	2022-04-24
URN:CornellLabOfOrnithology:EBIRD:OBS1391020781	15	15	32.3804326	-86.2308741	2022-04-13
URN:CornellLabOfOrnithology:EBIRD:OBS1383562498	15	15	32.3804326	-86.2308741	2022-04-05
URN:CornellLabOfOrnithology:EBIRD:OBS1380997477	15	15	32.382671	-86.3078737	2022-04-02
URN:CornellLabOfOrnithology:EBIRD:OBS1384723218	16	16	32.3776781	-86.2292218	2022-04-02
URN:CornellLabOfOrnithology:EBIRD:OBS1380605935	16	16	32.133615	-86.380937	2022-04-02
URN:CornellLabOfOrnithology:EBIRD:OBS1414367165	16	16	32.1057265	-86.0246692	2022-04-28
URN:CornellLabOfOrnithology:EBIRD:OBS1396661586	16	16	32.3718558	-86.3137808	2022-04-18
URN:CornellLabOfOrnithology:EBIRD:OBS1393291237	17	17	32.354921	-86.298426	2022-04-15
URN:CornellLabOfOrnithology:EBIRD:OBS1386948676	17	17	32.3804326	-86.2308741	2022-04-09
URN:CornellLabOfOrnithology:EBIRD:OBS1397270880	17	17	32.3804326	-86.2308741	2022-04-19
URN:CornellLabOfOrnithology:EBIRD:OBS1381834706	17	17	32.3804326	-86.2308741	2022-04-03
URN:CornellLabOfOrnithology:EBIRD:OBS1398632897	17	17	32.3776781	-86.2292218	2022-04-20
URN:CornellLabOfOrnithology:EBIRD:OBS1393879174	17	17	32.331019	-86.154447	2022-04-16
URN:CornellLabOfOrnithology:EBIRD:OBS1390896712	17	17	32.34045	-86.183704	2022-04-13
URN:CornellLabOfOrnithology:EBIRD:OBS1391696797	17	17	32.3804326	-86.2308741	2022-04-14
URN:CornellLabOfOrnithology:EBIRD:OBS1404750869	17	17	32.340396	-86.183705	2022-04-26
URN:CornellLabOfOrnithology:EBIRD:OBS1385180938	17	17	32.3804326	-86.2308741	2022-04-07
URN:CornellLabOfOrnithology:EBIRD:OBS1390888944	17	17	32.401183	-86.222708	2022-04-13
URN:CornellLabOfOrnithology:EBIRD:OBS1391724352	17	17	32.3804326	-86.2308741	2022-04-14
URN:CornellLabOfOrnithology:EBIRD:OBS1389433494	17	17	32.3804326	-86.2308741	2022-04-11
URN:CornellLabOfOrnithology:EBIRD:OBS1385234907	17	17	32.3804326	-86.2308741	2022-04-07
URN:CornellLabOfOrnithology:EBIRD:OBS1399866647	17	17	32.2531502	-86.3512194	2022-04-22
URN:CornellLabOfOrnithology:EBIRD:OBS1404086120	17	17	32.340489	-86.183732	2022-04-25
URN:CornellLabOfOrnithology:EBIRD:OBS1389232826	17	17	32.34045	-86.183704	2022-04-11
URN:CornellLabOfOrnithology:EBIRD:OBS1391020782	17	17	32.3804326	-86.2308741	2022-04-13
URN:CornellLabOfOrnithology:EBIRD:OBS1387105175	17	17	32.3804326	-86.2308741	2022-04-09
URN:CornellLabOfOrnithology:EBIRD:OBS1387000454	17	17	32.350746	-86.211773	2022-04-09
URN:CornellLabOfOrnithology:EBIRD:OBS1395223930	17	17	32.331019	-86.154447	2022-04-17
URN:CornellLabOfOrnithology:EBIRD:OBS1389982982	17	17	32.3804326	-86.2308741	2022-04-12
URN:CornellLabOfOrnithology:EBIRD:OBS1383942783	17	17	32.3804326	-86.2308741	2022-04-05
URN:CornellLabOfOrnithology:EBIRD:OBS1405942667	17	17	32.3804326	-86.2308741	2022-04-27
URN:CornellLabOfOrnithology:EBIRD:OBS1390928881	17	17	32.401004	-86.225994	2022-04-13
URN:CornellLabOfOrnithology:EBIRD:OBS1406979103	17	17	32.3804326	-86.2308741	2022-04-28
URN:CornellLabOfOrnithology:EBIRD:OBS1406468053	17	17	32.3582845	-86.4544322	2022-04-27
URN:CornellLabOfOrnithology:EBIRD:OBS1390965506	17	17	32.3804326	-86.2308741	2022-04-13
URN:CornellLabOfOrnithology:EBIRD:OBS1406077915	17	17	32.3582845	-86.4544322	2022-04-26
URN:CornellLabOfOrnithology:EBIRD:OBS1405421073	17	17	32.340468	-86.1838	2022-04-26
URN:CornellLabOfOrnithology:EBIRD:OBS1398927976	17	17	32.3804326	-86.2308741	2022-04-21
URN:CornellLabOfOrnithology:EBIRD:OBS1405211505	17	17	32.3582845	-86.4544322	2022-04-26
URN:CornellLabOfOrnithology:EBIRD:OBS1388655049	17	17	32.3804326	-86.2308741	2022-04-10
URN:CornellLabOfOrnithology:EBIRD:OBS1391481782	17	17	32.3351544	-86.0373657	2022-04-13
URN:CornellLabOfOrnithology:EBIRD:OBS1408495345	17	17	32.176196	-86.352121	2022-04-29
URN:CornellLabOfOrnithology:EBIRD:OBS1400067083	17	17	32.3804326	-86.2308741	2022-04-22
URN:CornellLabOfOrnithology:EBIRD:OBS1386926684	17	17	32.3804326	-86.2308741	2022-04-09
URN:CornellLabOfOrnithology:EBIRD:OBS1398571081	17	17	32.0492756	-86.2220963	2022-04-19
URN:CornellLabOfOrnithology:EBIRD:OBS1402919677	17	17	32.3695524	-86.2294713	2022-04-24
URN:CornellLabOfOrnithology:EBIRD:OBS1407971625	17	17	32.340487	-86.183744	2022-04-29
URN:CornellLabOfOrnithology:EBIRD:OBS1397444647	17	17	32.3804326	-86.2308741	2022-04-19
URN:CornellLabOfOrnithology:EBIRD:OBS1380640101	17	17	32.3804326	-86.2308741	2022-04-02
URN:CornellLabOfOrnithology:EBIRD:OBS1396811401	17	17	32.3804326	-86.2308741	2022-04-18
URN:CornellLabOfOrnithology:EBIRD:OBS1399504906	17	17	32.3776781	-86.2292218	2022-04-21
URN:CornellLabOfOrnithology:EBIRD:OBS1402640680	17	17	32.3351544	-86.0373657	2022-04-23
URN:CornellLabOfOrnithology:EBIRD:OBS1381896886	17	17	32.3804326	-86.2308741	2022-04-03
URN:CornellLabOfOrnithology:EBIRD:OBS1388042683	17	17	32.3804326	-86.2308741	2022-04-10
URN:CornellLabOfOrnithology:EBIRD:OBS1402841342	17	17	32.3804326	-86.2308741	2022-04-24
URN:CornellLabOfOrnithology:EBIRD:OBS1405851366	17	17	32.3776781	-86.2292218	2022-04-26
URN:CornellLabOfOrnithology:EBIRD:OBS1392227676	17	17	32.3404	-86.183679	2022-04-14
URN:CornellLabOfOrnithology:EBIRD:OBS1404904565	17	17	32.3804326	-86.2308741	2022-04-26
URN:CornellLabOfOrnithology:EBIRD:OBS1401374901	18	18	32.369819	-86.180017	2022-04-23
URN:CornellLabOfOrnithology:EBIRD:OBS1401681221	18	18	32.369819	-86.180017	2022-04-23
URN:CornellLabOfOrnithology:EBIRD:OBS1381714761	19	19	32.369819	-86.180017	2022-04-03
URN:CornellLabOfOrnithology:EBIRD:OBS1390984424	20	20	32.4151632	-86.2256974	2022-04-13
URN:CornellLabOfOrnithology:EBIRD:OBS1402503264	20	20	32.369819	-86.180017	2022-04-24
URN:CornellLabOfOrnithology:EBIRD:OBS1402420909	20	20	32.372287	-86.176046	2022-04-24
URN:CornellLabOfOrnithology:EBIRD:OBS1414367164	20	20	32.1057265	-86.0246692	2022-04-28
URN:CornellLabOfOrnithology:EBIRD:OBS1380248595	20	20	32.369819	-86.180017	2022-04-01
URN:CornellLabOfOrnithology:EBIRD:OBS1381733609	21	21	32.369819	-86.180017	2022-04-03
URN:CornellLabOfOrnithology:EBIRD:OBS1402503259	21	21	32.369819	-86.180017	2022-04-24
URN:CornellLabOfOrnithology:EBIRD:OBS1387155375	22	22	32.4151632	-86.2256974	2022-04-09
URN:CornellLabOfOrnithology:EBIRD:OBS1390984416	22	22	32.4151632	-86.2256974	2022-04-13
URN:CornellLabOfOrnithology:EBIRD:OBS1401854247	23	23	32.310409	-86.101011	2022-04-23
URN:CornellLabOfOrnithology:EBIRD:OBS1418583327	23	23	32.309383	-86.181432	2022-04-13
URN:CornellLabOfOrnithology:EBIRD:OBS1411953252	23	23	32.310409	-86.101011	2022-04-23
URN:CornellLabOfOrnithology:EBIRD:OBS1387367716	23	23	32.350288	-86.0243332	2022-04-09
URN:CornellLabOfOrnithology:EBIRD:OBS1408442578	23	23	32.250885	-86.367421	2022-04-29
URN:CornellLabOfOrnithology:EBIRD:OBS1408495328	23	23	32.176196	-86.352121	2022-04-29
URN:CornellLabOfOrnithology:EBIRD:OBS1402420912	23	23	32.372287	-86.176046	2022-04-24
URN:CornellLabOfOrnithology:EBIRD:OBS1392117837	23	23	32.351844	-86.018314	2022-04-14
URN:CornellLabOfOrnithology:EBIRD:OBS1418574195	23	23	32.309383	-86.181432	2022-04-04
URN:CornellLabOfOrnithology:EBIRD:OBS1392103443	23	23	32.350288	-86.0243332	2022-04-14
URN:CornellLabOfOrnithology:EBIRD:OBS1395326166	23	23	32.345618	-86.03291	2022-04-17
URN:CornellLabOfOrnithology:EBIRD:OBS1387000453	23	23	32.350746	-86.211773	2022-04-09
URN:CornellLabOfOrnithology:EBIRD:OBS1402674626	23	23	32.3351544	-86.0373657	2022-04-23
URN:CornellLabOfOrnithology:EBIRD:OBS1401854261	23	23	32.310409	-86.101011	2022-04-23
URN:CornellLabOfOrnithology:EBIRD:OBS1402640679	24	24	32.3351544	-86.0373657	2022-04-23
URN:CornellLabOfOrnithology:EBIRD:OBS1401374891	24	24	32.369819	-86.180017	2022-04-23
URN:CornellLabOfOrnithology:EBIRD:OBS1398570338	24	24	32.0492756	-86.2220963	2022-04-19
URN:CornellLabOfOrnithology:EBIRD:OBS1390096249	24	24	32.34045	-86.183704	2022-04-12
URN:CornellLabOfOrnithology:EBIRD:OBS1381711312	24	24	32.369819	-86.180017	2022-04-03
URN:CornellLabOfOrnithology:EBIRD:OBS1384585252	24	24	32.34045	-86.183704	2022-04-06
URN:CornellLabOfOrnithology:EBIRD:OBS1380670882	24	24	32.3804326	-86.2308741	2022-04-02
URN:CornellLabOfOrnithology:EBIRD:OBS1404432732	24	24	32.3582845	-86.4544322	2022-04-25
URN:CornellLabOfOrnithology:EBIRD:OBS1394996017	24	24	32.340489	-86.183732	2022-04-17
URN:CornellLabOfOrnithology:EBIRD:OBS1392227672	24	24	32.3404	-86.183679	2022-04-14
URN:CornellLabOfOrnithology:EBIRD:OBS1408495332	24	24	32.176196	-86.352121	2022-04-29
URN:CornellLabOfOrnithology:EBIRD:OBS1380248603	24	24	32.369819	-86.180017	2022-04-01
URN:CornellLabOfOrnithology:EBIRD:OBS1380121704	24	24	32.3695524	-86.2294713	2022-04-01
URN:CornellLabOfOrnithology:EBIRD:OBS1406077910	24	24	32.3582845	-86.4544322	2022-04-26
URN:CornellLabOfOrnithology:EBIRD:OBS1406468045	24	24	32.3582845	-86.4544322	2022-04-27
URN:CornellLabOfOrnithology:EBIRD:OBS1395282691	24	24	32.176196	-86.352121	2022-04-17
URN:CornellLabOfOrnithology:EBIRD:OBS1392440606	24	24	32.054564	-86.219386	2022-04-13
URN:CornellLabOfOrnithology:EBIRD:OBS1390896710	24	24	32.34045	-86.183704	2022-04-13
URN:CornellLabOfOrnithology:EBIRD:OBS1404092179	24	24	32.340492	-86.183721	2022-04-25
URN:CornellLabOfOrnithology:EBIRD:OBS1401529663	24	24	32.3776781	-86.2292218	2022-04-22
URN:CornellLabOfOrnithology:EBIRD:OBS1409866377	24	24	32.37766	-86.3006008	2022-04-30
URN:CornellLabOfOrnithology:EBIRD:OBS1407971622	24	24	32.340487	-86.183744	2022-04-29
URN:CornellLabOfOrnithology:EBIRD:OBS1397643933	24	24	32.3776781	-86.2292218	2022-04-18
URN:CornellLabOfOrnithology:EBIRD:OBS1402503252	24	24	32.369819	-86.180017	2022-04-24
URN:CornellLabOfOrnithology:EBIRD:OBS1406520259	24	24	32.3776781	-86.2292218	2022-04-27
URN:CornellLabOfOrnithology:EBIRD:OBS1399219264	24	24	32.3776781	-86.2292218	2022-04-21
URN:CornellLabOfOrnithology:EBIRD:OBS1401681211	24	24	32.369819	-86.180017	2022-04-23
URN:CornellLabOfOrnithology:EBIRD:OBS1399866633	24	24	32.2531502	-86.3512194	2022-04-22
URN:CornellLabOfOrnithology:EBIRD:OBS1408469182	25	25	32.3804326	-86.2308741	2022-04-29
URN:CornellLabOfOrnithology:EBIRD:OBS1381711322	25	25	32.369819	-86.180017	2022-04-03
URN:CornellLabOfOrnithology:EBIRD:OBS1401374894	25	25	32.369819	-86.180017	2022-04-23
URN:CornellLabOfOrnithology:EBIRD:OBS1399219266	25	25	32.3776781	-86.2292218	2022-04-21
URN:CornellLabOfOrnithology:EBIRD:OBS1404432730	25	25	32.3582845	-86.4544322	2022-04-25
URN:CornellLabOfOrnithology:EBIRD:OBS1380997476	25	25	32.382671	-86.3078737	2022-04-02
URN:CornellLabOfOrnithology:EBIRD:OBS1387155372	25	25	32.4151632	-86.2256974	2022-04-09
URN:CornellLabOfOrnithology:EBIRD:OBS1407322571	25	25	32.369819	-86.180017	2022-04-13
URN:CornellLabOfOrnithology:EBIRD:OBS1402426931	25	25	32.3804326	-86.2308741	2022-04-24
URN:CornellLabOfOrnithology:EBIRD:OBS1402479222	25	25	32.3776781	-86.2292218	2022-04-23
URN:CornellLabOfOrnithology:EBIRD:OBS1398570339	25	25	32.0492756	-86.2220963	2022-04-19
URN:CornellLabOfOrnithology:EBIRD:OBS1390003070	25	25	32.34045	-86.183704	2022-04-12
URN:CornellLabOfOrnithology:EBIRD:OBS1389136290	25	25	32.340466	-86.183694	2022-04-11
URN:CornellLabOfOrnithology:EBIRD:OBS1404086118	25	25	32.340489	-86.183732	2022-04-25
URN:CornellLabOfOrnithology:EBIRD:OBS1397444646	25	25	32.3804326	-86.2308741	2022-04-19
URN:CornellLabOfOrnithology:EBIRD:OBS1388107988	25	25	32.340487	-86.183744	2022-04-10
URN:CornellLabOfOrnithology:EBIRD:OBS1397643929	25	25	32.3776781	-86.2292218	2022-04-18
URN:CornellLabOfOrnithology:EBIRD:OBS1405851373	25	25	32.3776781	-86.2292218	2022-04-26
URN:CornellLabOfOrnithology:EBIRD:OBS1402841347	25	25	32.3804326	-86.2308741	2022-04-24
URN:CornellLabOfOrnithology:EBIRD:OBS1392227673	25	25	32.3404	-86.183679	2022-04-14
URN:CornellLabOfOrnithology:EBIRD:OBS1404750872	25	25	32.340396	-86.183705	2022-04-26
URN:CornellLabOfOrnithology:EBIRD:OBS1406112978	25	25	32.3776781	-86.2292218	2022-04-27
URN:CornellLabOfOrnithology:EBIRD:OBS1381733610	25	25	32.369819	-86.180017	2022-04-03
URN:CornellLabOfOrnithology:EBIRD:OBS1392508473	25	25	32.363883	-86.136055	2022-04-15
URN:CornellLabOfOrnithology:EBIRD:OBS1392090483	25	25	32.3718558	-86.3137808	2022-04-14
URN:CornellLabOfOrnithology:EBIRD:OBS1386926685	25	25	32.3804326	-86.2308741	2022-04-09
URN:CornellLabOfOrnithology:EBIRD:OBS1387105173	25	25	32.3804326	-86.2308741	2022-04-09
URN:CornellLabOfOrnithology:EBIRD:OBS1385180932	25	25	32.3804326	-86.2308741	2022-04-07
URN:CornellLabOfOrnithology:EBIRD:OBS1406468037	25	25	32.3582845	-86.4544322	2022-04-27
URN:CornellLabOfOrnithology:EBIRD:OBS1389982986	25	25	32.3804326	-86.2308741	2022-04-12
URN:CornellLabOfOrnithology:EBIRD:OBS1401681214	25	25	32.369819	-86.180017	2022-04-23
URN:CornellLabOfOrnithology:EBIRD:OBS1392219818	25	25	32.352449	-86.284184	2022-04-14
URN:CornellLabOfOrnithology:EBIRD:OBS1380928714	25	25	32.34045	-86.183688	2022-04-02
URN:CornellLabOfOrnithology:EBIRD:OBS1396084286	25	25	32.34045	-86.183704	2022-04-18
URN:CornellLabOfOrnithology:EBIRD:OBS1399431875	25	25	32.3804326	-86.2308741	2022-04-21
URN:CornellLabOfOrnithology:EBIRD:OBS1390896705	25	25	32.34045	-86.183704	2022-04-13
URN:CornellLabOfOrnithology:EBIRD:OBS1390487495	25	25	32.3804326	-86.2308741	2022-04-12
URN:CornellLabOfOrnithology:EBIRD:OBS1388655050	25	25	32.3804326	-86.2308741	2022-04-10
URN:CornellLabOfOrnithology:EBIRD:OBS1380121705	25	25	32.3695524	-86.2294713	2022-04-01
URN:CornellLabOfOrnithology:EBIRD:OBS1386441127	25	25	32.3776781	-86.2292218	2022-04-08
URN:CornellLabOfOrnithology:EBIRD:OBS1410457771	25	25	32.3776781	-86.2292218	2022-04-29
URN:CornellLabOfOrnithology:EBIRD:OBS1384585248	25	25	32.34045	-86.183704	2022-04-06
URN:CornellLabOfOrnithology:EBIRD:OBS1406077909	25	25	32.3582845	-86.4544322	2022-04-26
URN:CornellLabOfOrnithology:EBIRD:OBS1401451075	25	25	32.3804326	-86.2308741	2022-04-23
URN:CornellLabOfOrnithology:EBIRD:OBS1401088243	25	25	32.340496	-86.183669	2022-04-23
URN:CornellLabOfOrnithology:EBIRD:OBS1407893996	25	25	32.3776781	-86.2292218	2022-04-28
URN:CornellLabOfOrnithology:EBIRD:OBS1396158605	25	25	32.3804326	-86.2308741	2022-04-18
URN:CornellLabOfOrnithology:EBIRD:OBS1409167959	25	25	32.340434	-86.183793	2022-04-30
URN:CornellLabOfOrnithology:EBIRD:OBS1397645297	25	25	32.3776781	-86.2292218	2022-04-12
URN:CornellLabOfOrnithology:EBIRD:OBS1386948680	25	25	32.3804326	-86.2308741	2022-04-09
URN:CornellLabOfOrnithology:EBIRD:OBS1410438772	25	25	32.3776781	-86.2292218	2022-04-30
URN:CornellLabOfOrnithology:EBIRD:OBS1399866637	25	25	32.2531502	-86.3512194	2022-04-22
URN:CornellLabOfOrnithology:EBIRD:OBS1404904569	25	25	32.3804326	-86.2308741	2022-04-26
URN:CornellLabOfOrnithology:EBIRD:OBS1391020779	25	25	32.3804326	-86.2308741	2022-04-13
URN:CornellLabOfOrnithology:EBIRD:OBS1392440609	25	25	32.054564	-86.219386	2022-04-13
URN:CornellLabOfOrnithology:EBIRD:OBS1406520250	25	25	32.3776781	-86.2292218	2022-04-27
URN:CornellLabOfOrnithology:EBIRD:OBS1402503244	25	25	32.369819	-86.180017	2022-04-24
URN:CornellLabOfOrnithology:EBIRD:OBS1392227682	25	25	32.352449	-86.284184	2022-04-14
URN:CornellLabOfOrnithology:EBIRD:OBS1391696800	25	25	32.3804326	-86.2308741	2022-04-14
URN:CornellLabOfOrnithology:EBIRD:OBS1403300630	25	25	32.3776781	-86.2292218	2022-04-24
URN:CornellLabOfOrnithology:EBIRD:OBS1390928884	25	25	32.401004	-86.225994	2022-04-13
URN:CornellLabOfOrnithology:EBIRD:OBS1399504901	25	25	32.3776781	-86.2292218	2022-04-21
URN:CornellLabOfOrnithology:EBIRD:OBS1405211519	25	25	32.3582845	-86.4544322	2022-04-26
URN:CornellLabOfOrnithology:EBIRD:OBS1380248602	25	25	32.369819	-86.180017	2022-04-01
URN:CornellLabOfOrnithology:EBIRD:OBS1386441110	25	25	32.3776781	-86.2292218	2022-04-06
URN:CornellLabOfOrnithology:EBIRD:OBS1404407880	25	25	32.3776781	-86.2292218	2022-04-25
URN:CornellLabOfOrnithology:EBIRD:OBS1408134935	25	25	32.3804326	-86.2308741	2022-04-29
URN:CornellLabOfOrnithology:EBIRD:OBS1402674628	26	26	32.3351544	-86.0373657	2022-04-23
URN:CornellLabOfOrnithology:EBIRD:OBS1393192249	27	27	32.349053	-86.16891	2022-04-15
URN:CornellLabOfOrnithology:EBIRD:OBS1388042684	27	27	32.3804326	-86.2308741	2022-04-10
URN:CornellLabOfOrnithology:EBIRD:OBS1405211518	27	27	32.3582845	-86.4544322	2022-04-26
URN:CornellLabOfOrnithology:EBIRD:OBS1380051765	27	27	32.3401401	-86.1699557	2022-04-01
URN:CornellLabOfOrnithology:EBIRD:OBS1380248611	27	27	32.369819	-86.180017	2022-04-01
URN:CornellLabOfOrnithology:EBIRD:OBS1409866376	27	27	32.37766	-86.3006008	2022-04-30
URN:CornellLabOfOrnithology:EBIRD:OBS1390984421	27	27	32.4151632	-86.2256974	2022-04-13
URN:CornellLabOfOrnithology:EBIRD:OBS1388026260	27	27	32.3804326	-86.2308741	2022-04-10
URN:CornellLabOfOrnithology:EBIRD:OBS1386441116	27	27	32.3776781	-86.2292218	2022-04-06
URN:CornellLabOfOrnithology:EBIRD:OBS1390888947	27	27	32.401183	-86.222708	2022-04-13
URN:CornellLabOfOrnithology:EBIRD:OBS1397648440	27	27	32.3776781	-86.2292218	2022-04-12
URN:CornellLabOfOrnithology:EBIRD:OBS1404432731	27	27	32.3582845	-86.4544322	2022-04-25
URN:CornellLabOfOrnithology:EBIRD:OBS1381711305	27	27	32.369819	-86.180017	2022-04-03
URN:CornellLabOfOrnithology:EBIRD:OBS1390003067	28	28	32.34045	-86.183704	2022-04-12
URN:CornellLabOfOrnithology:EBIRD:OBS1380051771	28	28	32.3401401	-86.1699557	2022-04-01
URN:CornellLabOfOrnithology:EBIRD:OBS1383040719	28	28	32.3804326	-86.2308741	2022-04-04
URN:CornellLabOfOrnithology:EBIRD:OBS1390928879	28	28	32.401004	-86.225994	2022-04-13
URN:CornellLabOfOrnithology:EBIRD:OBS1390984405	28	28	32.4151632	-86.2256974	2022-04-13
URN:CornellLabOfOrnithology:EBIRD:OBS1395282694	28	28	32.176196	-86.352121	2022-04-17
URN:CornellLabOfOrnithology:EBIRD:OBS1381711326	28	28	32.369819	-86.180017	2022-04-03
URN:CornellLabOfOrnithology:EBIRD:OBS1390888948	28	28	32.401183	-86.222708	2022-04-13
URN:CornellLabOfOrnithology:EBIRD:OBS1389136285	28	28	32.340466	-86.183694	2022-04-11
URN:CornellLabOfOrnithology:EBIRD:OBS1381139222	28	28	32.340411	-86.183722	2022-04-02
URN:CornellLabOfOrnithology:EBIRD:OBS1390896711	28	28	32.34045	-86.183704	2022-04-13
URN:CornellLabOfOrnithology:EBIRD:OBS1392227687	29	29	32.352449	-86.284184	2022-04-14
URN:CornellLabOfOrnithology:EBIRD:OBS1404409996	29	29	32.3995123	-86.2546706	2022-04-25
URN:CornellLabOfOrnithology:EBIRD:OBS1418578817	29	29	32.309383	-86.181432	2022-04-13
URN:CornellLabOfOrnithology:EBIRD:OBS1404432733	29	29	32.3582845	-86.4544322	2022-04-25
URN:CornellLabOfOrnithology:EBIRD:OBS1390888934	29	29	32.401183	-86.222708	2022-04-13
URN:CornellLabOfOrnithology:EBIRD:OBS1390984414	29	29	32.4151632	-86.2256974	2022-04-13
URN:CornellLabOfOrnithology:EBIRD:OBS1392219817	29	29	32.352449	-86.284184	2022-04-14
URN:CornellLabOfOrnithology:EBIRD:OBS1392090484	29	29	32.3718558	-86.3137808	2022-04-14
URN:CornellLabOfOrnithology:EBIRD:OBS1403311318	29	29	32.3776781	-86.2292218	2022-04-24
URN:CornellLabOfOrnithology:EBIRD:OBS1393291238	29	29	32.354921	-86.298426	2022-04-15
URN:CornellLabOfOrnithology:EBIRD:OBS1414367170	30	30	32.1057265	-86.0246692	2022-04-28
URN:CornellLabOfOrnithology:EBIRD:OBS1406077917	31	31	32.3582845	-86.4544322	2022-04-26
URN:CornellLabOfOrnithology:EBIRD:OBS1408424799	31	31	32.399881	-86.33569	2022-04-29
URN:CornellLabOfOrnithology:EBIRD:OBS1406468033	31	31	32.3582845	-86.4544322	2022-04-27
URN:CornellLabOfOrnithology:EBIRD:OBS1402420915	32	32	32.372287	-86.176046	2022-04-24
URN:CornellLabOfOrnithology:EBIRD:OBS1391493640	32	32	32.358282	-86.298174	2022-04-13
URN:CornellLabOfOrnithology:EBIRD:OBS1401403677	32	32	32.3236394	-86.2369208	2022-04-23
URN:CornellLabOfOrnithology:EBIRD:OBS1398570341	32	32	32.0492756	-86.2220963	2022-04-19
URN:CornellLabOfOrnithology:EBIRD:OBS1402640682	32	32	32.3351544	-86.0373657	2022-04-23
URN:CornellLabOfOrnithology:EBIRD:OBS1418578822	32	32	32.309383	-86.181432	2022-04-13
URN:CornellLabOfOrnithology:EBIRD:OBS1404432737	32	32	32.3582845	-86.4544322	2022-04-25
URN:CornellLabOfOrnithology:EBIRD:OBS1404432742	33	33	32.3582845	-86.4544322	2022-04-25
URN:CornellLabOfOrnithology:EBIRD:OBS1391462756	33	33	32.344751	-86.173236	2022-04-13
URN:CornellLabOfOrnithology:EBIRD:OBS1402503256	34	34	32.369819	-86.180017	2022-04-24
URN:CornellLabOfOrnithology:EBIRD:OBS1408424801	35	35	32.399881	-86.33569	2022-04-29
URN:CornellLabOfOrnithology:EBIRD:OBS1392593237	35	35	32.215045	-86.40352	2022-04-15
URN:CornellLabOfOrnithology:EBIRD:OBS1380683993	35	35	32.175779	-86.328285	2022-04-02
URN:CornellLabOfOrnithology:EBIRD:OBS1390965507	35	35	32.3804326	-86.2308741	2022-04-13
URN:CornellLabOfOrnithology:EBIRD:OBS1392103444	35	35	32.350288	-86.0243332	2022-04-14
URN:CornellLabOfOrnithology:EBIRD:OBS1418574202	35	35	32.309383	-86.181432	2022-04-04
URN:CornellLabOfOrnithology:EBIRD:OBS1408469178	35	35	32.3804326	-86.2308741	2022-04-29
URN:CornellLabOfOrnithology:EBIRD:OBS1409517819	35	35	32.379728	-86.218634	2022-04-30
URN:CornellLabOfOrnithology:EBIRD:OBS1391481791	36	36	32.3351544	-86.0373657	2022-04-13
URN:CornellLabOfOrnithology:EBIRD:OBS1418578818	36	36	32.309383	-86.181432	2022-04-13
URN:CornellLabOfOrnithology:EBIRD:OBS1392103438	36	36	32.350288	-86.0243332	2022-04-14
URN:CornellLabOfOrnithology:EBIRD:OBS1395326172	36	36	32.345618	-86.03291	2022-04-17
URN:CornellLabOfOrnithology:EBIRD:OBS1387000440	36	36	32.350746	-86.211773	2022-04-09
URN:CornellLabOfOrnithology:EBIRD:OBS1418574201	36	36	32.309383	-86.181432	2022-04-04
URN:CornellLabOfOrnithology:EBIRD:OBS1387367720	36	36	32.350288	-86.0243332	2022-04-09
URN:CornellLabOfOrnithology:EBIRD:OBS1406077907	37	37	32.3582845	-86.4544322	2022-04-26
URN:CornellLabOfOrnithology:EBIRD:OBS1402919678	37	37	32.3695524	-86.2294713	2022-04-24
URN:CornellLabOfOrnithology:EBIRD:OBS1410438771	37	37	32.3776781	-86.2292218	2022-04-30
URN:CornellLabOfOrnithology:EBIRD:OBS1392219816	37	37	32.352449	-86.284184	2022-04-14
URN:CornellLabOfOrnithology:EBIRD:OBS1406468032	37	37	32.3582845	-86.4544322	2022-04-27
URN:CornellLabOfOrnithology:EBIRD:OBS1405211514	37	37	32.3582845	-86.4544322	2022-04-26
URN:CornellLabOfOrnithology:EBIRD:OBS1402503243	37	37	32.369819	-86.180017	2022-04-24
URN:CornellLabOfOrnithology:EBIRD:OBS1404432740	37	37	32.3582845	-86.4544322	2022-04-25
URN:CornellLabOfOrnithology:EBIRD:OBS1401551475	37	37	32.3776781	-86.2292218	2022-04-22
URN:CornellLabOfOrnithology:EBIRD:OBS1406881802	38	38	32.3804326	-86.2308741	2022-04-28
URN:CornellLabOfOrnithology:EBIRD:OBS1385234909	38	38	32.3804326	-86.2308741	2022-04-07
URN:CornellLabOfOrnithology:EBIRD:OBS1408134936	38	38	32.3804326	-86.2308741	2022-04-29
URN:CornellLabOfOrnithology:EBIRD:OBS1403300629	38	38	32.3776781	-86.2292218	2022-04-24
URN:CornellLabOfOrnithology:EBIRD:OBS1401854267	38	38	32.310409	-86.101011	2022-04-23
URN:CornellLabOfOrnithology:EBIRD:OBS1404904564	38	38	32.3804326	-86.2308741	2022-04-26
URN:CornellLabOfOrnithology:EBIRD:OBS1386428570	38	38	32.3776781	-86.2292218	2022-04-08
URN:CornellLabOfOrnithology:EBIRD:OBS1387367719	38	38	32.350288	-86.0243332	2022-04-09
URN:CornellLabOfOrnithology:EBIRD:OBS1385180933	38	38	32.3804326	-86.2308741	2022-04-07
URN:CornellLabOfOrnithology:EBIRD:OBS1406468049	38	38	32.3582845	-86.4544322	2022-04-27
URN:CornellLabOfOrnithology:EBIRD:OBS1397270879	38	38	32.3804326	-86.2308741	2022-04-19
URN:CornellLabOfOrnithology:EBIRD:OBS1398927979	38	38	32.3804326	-86.2308741	2022-04-21
URN:CornellLabOfOrnithology:EBIRD:OBS1389136287	38	38	32.340466	-86.183694	2022-04-11
URN:CornellLabOfOrnithology:EBIRD:OBS1380765122	38	38	32.3804326	-86.2308741	2022-04-02
URN:CornellLabOfOrnithology:EBIRD:OBS1411953258	38	38	32.310409	-86.101011	2022-04-23
URN:CornellLabOfOrnithology:EBIRD:OBS1396084287	38	38	32.34045	-86.183704	2022-04-18
URN:CornellLabOfOrnithology:EBIRD:OBS1395282702	38	38	32.176196	-86.352121	2022-04-17
URN:CornellLabOfOrnithology:EBIRD:OBS1404820611	38	38	32.3804326	-86.2308741	2022-04-26
URN:CornellLabOfOrnithology:EBIRD:OBS1408469180	38	38	32.3804326	-86.2308741	2022-04-29
URN:CornellLabOfOrnithology:EBIRD:OBS1406112974	38	38	32.3776781	-86.2292218	2022-04-27
URN:CornellLabOfOrnithology:EBIRD:OBS1409517815	38	38	32.379728	-86.218634	2022-04-30
URN:CornellLabOfOrnithology:EBIRD:OBS1404750871	38	38	32.340396	-86.183705	2022-04-26
URN:CornellLabOfOrnithology:EBIRD:OBS1392634228	38	38	32.3804326	-86.2308741	2022-04-15
URN:CornellLabOfOrnithology:EBIRD:OBS1399866642	38	38	32.2531502	-86.3512194	2022-04-22
URN:CornellLabOfOrnithology:EBIRD:OBS1381711329	38	38	32.369819	-86.180017	2022-04-03
URN:CornellLabOfOrnithology:EBIRD:OBS1400067080	38	38	32.3804326	-86.2308741	2022-04-22
URN:CornellLabOfOrnithology:EBIRD:OBS1389433496	38	38	32.3804326	-86.2308741	2022-04-11
URN:CornellLabOfOrnithology:EBIRD:OBS1402841348	38	38	32.3804326	-86.2308741	2022-04-24
URN:CornellLabOfOrnithology:EBIRD:OBS1399968945	38	38	32.3804326	-86.2308741	2022-04-22
URN:CornellLabOfOrnithology:EBIRD:OBS1390928882	38	38	32.401004	-86.225994	2022-04-13
URN:CornellLabOfOrnithology:EBIRD:OBS1409205531	38	38	32.3804326	-86.2308741	2022-04-30
URN:CornellLabOfOrnithology:EBIRD:OBS1401102109	38	38	32.3804326	-86.2308741	2022-04-23
URN:CornellLabOfOrnithology:EBIRD:OBS1394996016	38	38	32.340489	-86.183732	2022-04-17
URN:CornellLabOfOrnithology:EBIRD:OBS1403706957	38	38	32.3804326	-86.2308741	2022-04-25
URN:CornellLabOfOrnithology:EBIRD:OBS1390888941	38	38	32.401183	-86.222708	2022-04-13
URN:CornellLabOfOrnithology:EBIRD:OBS1395148983	38	38	32.340489	-86.183732	2022-04-17
URN:CornellLabOfOrnithology:EBIRD:OBS1401854253	38	38	32.310409	-86.101011	2022-04-23
URN:CornellLabOfOrnithology:EBIRD:OBS1402640678	38	38	32.3351544	-86.0373657	2022-04-23
URN:CornellLabOfOrnithology:EBIRD:OBS1392117835	38	38	32.351844	-86.018314	2022-04-14
URN:CornellLabOfOrnithology:EBIRD:OBS1401088240	38	38	32.340496	-86.183669	2022-04-23
URN:CornellLabOfOrnithology:EBIRD:OBS1391481787	38	38	32.3351544	-86.0373657	2022-04-13
URN:CornellLabOfOrnithology:EBIRD:OBS1405888537	38	38	32.3804326	-86.2308741	2022-04-27
URN:CornellLabOfOrnithology:EBIRD:OBS1409255197	38	38	32.3804326	-86.2308741	2022-04-30
URN:CornellLabOfOrnithology:EBIRD:OBS1396811406	38	38	32.3804326	-86.2308741	2022-04-18
URN:CornellLabOfOrnithology:EBIRD:OBS1409167961	38	38	32.340434	-86.183793	2022-04-30
URN:CornellLabOfOrnithology:EBIRD:OBS1390965509	38	38	32.3804326	-86.2308741	2022-04-13
URN:CornellLabOfOrnithology:EBIRD:OBS1405942673	38	38	32.3804326	-86.2308741	2022-04-27
URN:CornellLabOfOrnithology:EBIRD:OBS1414367167	38	38	32.1057265	-86.0246692	2022-04-28
URN:CornellLabOfOrnithology:EBIRD:OBS1387000446	38	38	32.350746	-86.211773	2022-04-09
URN:CornellLabOfOrnithology:EBIRD:OBS1397648445	38	38	32.3776781	-86.2292218	2022-04-12
URN:CornellLabOfOrnithology:EBIRD:OBS1406077913	38	38	32.3582845	-86.4544322	2022-04-26
URN:CornellLabOfOrnithology:EBIRD:OBS1397643934	38	38	32.3776781	-86.2292218	2022-04-18
URN:CornellLabOfOrnithology:EBIRD:OBS1406979106	38	38	32.3804326	-86.2308741	2022-04-28
URN:CornellLabOfOrnithology:EBIRD:OBS1399216706	38	38	32.3776781	-86.2292218	2022-04-21
URN:CornellLabOfOrnithology:EBIRD:OBS1402426930	38	38	32.3804326	-86.2308741	2022-04-24
URN:CornellLabOfOrnithology:EBIRD:OBS1405851367	38	38	32.3776781	-86.2292218	2022-04-26
URN:CornellLabOfOrnithology:EBIRD:OBS1407971623	38	38	32.340487	-86.183744	2022-04-29
URN:CornellLabOfOrnithology:EBIRD:OBS1404407885	38	38	32.3776781	-86.2292218	2022-04-25
URN:CornellLabOfOrnithology:EBIRD:OBS1392227675	38	38	32.3404	-86.183679	2022-04-14
URN:CornellLabOfOrnithology:EBIRD:OBS1391020783	38	38	32.3804326	-86.2308741	2022-04-13
URN:CornellLabOfOrnithology:EBIRD:OBS1387155374	38	38	32.4151632	-86.2256974	2022-04-09
URN:CornellLabOfOrnithology:EBIRD:OBS1390003069	38	38	32.34045	-86.183704	2022-04-12
URN:CornellLabOfOrnithology:EBIRD:OBS1407893998	38	38	32.3776781	-86.2292218	2022-04-28
URN:CornellLabOfOrnithology:EBIRD:OBS1380218676	38	38	32.3804326	-86.2308741	2022-04-01
URN:CornellLabOfOrnithology:EBIRD:OBS1399504902	38	38	32.3776781	-86.2292218	2022-04-21
URN:CornellLabOfOrnithology:EBIRD:OBS1402969882	38	38	32.3804326	-86.2308741	2022-04-23
URN:CornellLabOfOrnithology:EBIRD:OBS1402420910	38	38	32.372287	-86.176046	2022-04-24
URN:CornellLabOfOrnithology:EBIRD:OBS1404432735	38	38	32.3582845	-86.4544322	2022-04-25
URN:CornellLabOfOrnithology:EBIRD:OBS1402479218	38	38	32.3776781	-86.2292218	2022-04-23
URN:CornellLabOfOrnithology:EBIRD:OBS1388026261	38	38	32.3804326	-86.2308741	2022-04-10
URN:CornellLabOfOrnithology:EBIRD:OBS1408495342	38	38	32.176196	-86.352121	2022-04-29
URN:CornellLabOfOrnithology:EBIRD:OBS1406520251	38	38	32.3776781	-86.2292218	2022-04-27
URN:CornellLabOfOrnithology:EBIRD:OBS1403735361	38	38	32.3804326	-86.2308741	2022-04-25
URN:CornellLabOfOrnithology:EBIRD:OBS1397985469	38	38	32.3804326	-86.2308741	2022-04-20
URN:CornellLabOfOrnithology:EBIRD:OBS1387105169	38	38	32.3804326	-86.2308741	2022-04-09
URN:CornellLabOfOrnithology:EBIRD:OBS1380248599	38	38	32.369819	-86.180017	2022-04-01
URN:CornellLabOfOrnithology:EBIRD:OBS1386926688	38	38	32.3804326	-86.2308741	2022-04-09
URN:CornellLabOfOrnithology:EBIRD:OBS1398632898	38	38	32.3776781	-86.2292218	2022-04-20
URN:CornellLabOfOrnithology:EBIRD:OBS1399866649	39	39	32.2531502	-86.3512194	2022-04-22
URN:CornellLabOfOrnithology:EBIRD:OBS1402420917	39	39	32.372287	-86.176046	2022-04-24
URN:CornellLabOfOrnithology:EBIRD:OBS1390984404	39	39	32.4151632	-86.2256974	2022-04-13
URN:CornellLabOfOrnithology:EBIRD:OBS1380051768	39	39	32.3401401	-86.1699557	2022-04-01
URN:CornellLabOfOrnithology:EBIRD:OBS1399866652	40	40	32.2531502	-86.3512194	2022-04-22
URN:CornellLabOfOrnithology:EBIRD:OBS1391472811	40	40	32.3351544	-86.0373657	2022-04-13
URN:CornellLabOfOrnithology:EBIRD:OBS1390841290	40	40	32.295396	-86.102643	2022-04-13
URN:CornellLabOfOrnithology:EBIRD:OBS1392117829	40	40	32.351844	-86.018314	2022-04-14
URN:CornellLabOfOrnithology:EBIRD:OBS1411953256	41	41	32.310409	-86.101011	2022-04-23
URN:CornellLabOfOrnithology:EBIRD:OBS1404096027	41	41	32.340489	-86.183732	2022-04-25
URN:CornellLabOfOrnithology:EBIRD:OBS1391481786	41	41	32.3351544	-86.0373657	2022-04-13
URN:CornellLabOfOrnithology:EBIRD:OBS1401854251	41	41	32.310409	-86.101011	2022-04-23
URN:CornellLabOfOrnithology:EBIRD:OBS1390888946	41	41	32.401183	-86.222708	2022-04-13
URN:CornellLabOfOrnithology:EBIRD:OBS1405211516	41	41	32.3582845	-86.4544322	2022-04-26
URN:CornellLabOfOrnithology:EBIRD:OBS1402919676	41	41	32.3695524	-86.2294713	2022-04-24
URN:CornellLabOfOrnithology:EBIRD:OBS1406468035	41	41	32.3582845	-86.4544322	2022-04-27
URN:CornellLabOfOrnithology:EBIRD:OBS1380248593	41	41	32.369819	-86.180017	2022-04-01
URN:CornellLabOfOrnithology:EBIRD:OBS1389136291	41	41	32.340466	-86.183694	2022-04-11
URN:CornellLabOfOrnithology:EBIRD:OBS1401088241	41	41	32.340496	-86.183669	2022-04-23
URN:CornellLabOfOrnithology:EBIRD:OBS1406077912	41	41	32.3582845	-86.4544322	2022-04-26
URN:CornellLabOfOrnithology:EBIRD:OBS1401854265	41	41	32.310409	-86.101011	2022-04-23
URN:CornellLabOfOrnithology:EBIRD:OBS1388107984	41	41	32.340487	-86.183744	2022-04-10
URN:CornellLabOfOrnithology:EBIRD:OBS1390984417	41	41	32.4151632	-86.2256974	2022-04-13
URN:CornellLabOfOrnithology:EBIRD:OBS1392117833	41	41	32.351844	-86.018314	2022-04-14
URN:CornellLabOfOrnithology:EBIRD:OBS1392227677	41	41	32.3404	-86.183679	2022-04-14
URN:CornellLabOfOrnithology:EBIRD:OBS1390896708	41	41	32.34045	-86.183704	2022-04-13
URN:CornellLabOfOrnithology:EBIRD:OBS1390928876	41	41	32.401004	-86.225994	2022-04-13
URN:CornellLabOfOrnithology:EBIRD:OBS1408495333	41	41	32.176196	-86.352121	2022-04-29
URN:CornellLabOfOrnithology:EBIRD:OBS1399866640	42	42	32.2531502	-86.3512194	2022-04-22
URN:CornellLabOfOrnithology:EBIRD:OBS1392219819	42	42	32.352449	-86.284184	2022-04-14
URN:CornellLabOfOrnithology:EBIRD:OBS1407322582	42	42	32.369819	-86.180017	2022-04-13
URN:CornellLabOfOrnithology:EBIRD:OBS1380248592	42	42	32.369819	-86.180017	2022-04-01
URN:CornellLabOfOrnithology:EBIRD:OBS1402466480	42	42	32.3776781	-86.2292218	2022-04-24
URN:CornellLabOfOrnithology:EBIRD:OBS1381711328	42	42	32.369819	-86.180017	2022-04-03
URN:CornellLabOfOrnithology:EBIRD:OBS1391481780	43	43	32.3351544	-86.0373657	2022-04-13
URN:CornellLabOfOrnithology:EBIRD:OBS1408495327	43	43	32.176196	-86.352121	2022-04-29
URN:CornellLabOfOrnithology:EBIRD:OBS1402640683	43	43	32.3351544	-86.0373657	2022-04-23
URN:CornellLabOfOrnithology:EBIRD:OBS1380218679	43	43	32.3804326	-86.2308741	2022-04-01
URN:CornellLabOfOrnithology:EBIRD:OBS1395282698	43	43	32.176196	-86.352121	2022-04-17
URN:CornellLabOfOrnithology:EBIRD:OBS1402969885	44	44	32.3804326	-86.2308741	2022-04-23
URN:CornellLabOfOrnithology:EBIRD:OBS1392219823	44	44	32.352449	-86.284184	2022-04-14
URN:CornellLabOfOrnithology:EBIRD:OBS1409255200	44	44	32.3804326	-86.2308741	2022-04-30
URN:CornellLabOfOrnithology:EBIRD:OBS1404398388	44	44	32.3995123	-86.2546706	2022-04-25
URN:CornellLabOfOrnithology:EBIRD:OBS1392090482	44	44	32.3718558	-86.3137808	2022-04-14
URN:CornellLabOfOrnithology:EBIRD:OBS1408436140	44	44	32.399881	-86.33569	2022-04-29
URN:CornellLabOfOrnithology:EBIRD:OBS1409205527	44	44	32.3804326	-86.2308741	2022-04-30
URN:CornellLabOfOrnithology:EBIRD:OBS1418574198	44	44	32.309383	-86.181432	2022-04-04
URN:CornellLabOfOrnithology:EBIRD:OBS1401854266	44	44	32.310409	-86.101011	2022-04-23
URN:CornellLabOfOrnithology:EBIRD:OBS1380997471	44	44	32.382671	-86.3078737	2022-04-02
URN:CornellLabOfOrnithology:EBIRD:OBS1385626221	44	44	32.3804326	-86.2308741	2022-04-07
URN:CornellLabOfOrnithology:EBIRD:OBS1389433491	44	44	32.3804326	-86.2308741	2022-04-11
URN:CornellLabOfOrnithology:EBIRD:OBS1387367721	44	44	32.350288	-86.0243332	2022-04-09
URN:CornellLabOfOrnithology:EBIRD:OBS1391020778	44	44	32.3804326	-86.2308741	2022-04-13
URN:CornellLabOfOrnithology:EBIRD:OBS1384495766	44	44	32.3804326	-86.2308741	2022-04-06
URN:CornellLabOfOrnithology:EBIRD:OBS1380640102	44	44	32.3804326	-86.2308741	2022-04-02
URN:CornellLabOfOrnithology:EBIRD:OBS1401854252	44	44	32.310409	-86.101011	2022-04-23
URN:CornellLabOfOrnithology:EBIRD:OBS1392086013	44	44	32.3362785	-86.0345364	2022-04-14
URN:CornellLabOfOrnithology:EBIRD:OBS1401395575	44	44	32.3236394	-86.2369208	2022-04-23
URN:CornellLabOfOrnithology:EBIRD:OBS1380051769	44	44	32.3401401	-86.1699557	2022-04-01
URN:CornellLabOfOrnithology:EBIRD:OBS1403706955	44	44	32.3804326	-86.2308741	2022-04-25
URN:CornellLabOfOrnithology:EBIRD:OBS1400067081	44	44	32.3804326	-86.2308741	2022-04-22
URN:CornellLabOfOrnithology:EBIRD:OBS1399866634	44	44	32.2531502	-86.3512194	2022-04-22
URN:CornellLabOfOrnithology:EBIRD:OBS1389148051	44	44	32.3804326	-86.2308741	2022-04-11
URN:CornellLabOfOrnithology:EBIRD:OBS1389939262	44	44	32.3804326	-86.2308741	2022-04-12
URN:CornellLabOfOrnithology:EBIRD:OBS1390965503	44	44	32.3804326	-86.2308741	2022-04-13
URN:CornellLabOfOrnithology:EBIRD:OBS1381711316	44	44	32.369819	-86.180017	2022-04-03
URN:CornellLabOfOrnithology:EBIRD:OBS1402426929	44	44	32.3804326	-86.2308741	2022-04-24
URN:CornellLabOfOrnithology:EBIRD:OBS1383562499	44	44	32.3804326	-86.2308741	2022-04-05
URN:CornellLabOfOrnithology:EBIRD:OBS1392634230	44	44	32.3804326	-86.2308741	2022-04-15
URN:CornellLabOfOrnithology:EBIRD:OBS1392227686	44	44	32.352449	-86.284184	2022-04-14
URN:CornellLabOfOrnithology:EBIRD:OBS1397547249	44	44	32.350288	-86.0243332	2022-04-19
URN:CornellLabOfOrnithology:EBIRD:OBS1408495341	44	44	32.176196	-86.352121	2022-04-29
URN:CornellLabOfOrnithology:EBIRD:OBS1389982980	44	44	32.3804326	-86.2308741	2022-04-12
URN:CornellLabOfOrnithology:EBIRD:OBS1411953257	44	44	32.310409	-86.101011	2022-04-23
URN:CornellLabOfOrnithology:EBIRD:OBS1390487491	44	44	32.3804326	-86.2308741	2022-04-12
URN:CornellLabOfOrnithology:EBIRD:OBS1391472813	44	44	32.3351544	-86.0373657	2022-04-13
URN:CornellLabOfOrnithology:EBIRD:OBS1387000442	44	44	32.350746	-86.211773	2022-04-09
URN:CornellLabOfOrnithology:EBIRD:OBS1405888540	44	44	32.3804326	-86.2308741	2022-04-27
URN:CornellLabOfOrnithology:EBIRD:OBS1406881801	44	44	32.3804326	-86.2308741	2022-04-28
URN:CornellLabOfOrnithology:EBIRD:OBS1387000441	45	45	32.350746	-86.211773	2022-04-09
URN:CornellLabOfOrnithology:EBIRD:OBS1390984410	45	45	32.4151632	-86.2256974	2022-04-13
URN:CornellLabOfOrnithology:EBIRD:OBS1404432734	45	45	32.3582845	-86.4544322	2022-04-25
URN:CornellLabOfOrnithology:EBIRD:OBS1407893997	45	45	32.3776781	-86.2292218	2022-04-28
URN:CornellLabOfOrnithology:EBIRD:OBS1386428573	45	45	32.3776781	-86.2292218	2022-04-08
URN:CornellLabOfOrnithology:EBIRD:OBS1410457770	45	45	32.3776781	-86.2292218	2022-04-29
URN:CornellLabOfOrnithology:EBIRD:OBS1389136288	45	45	32.340466	-86.183694	2022-04-11
URN:CornellLabOfOrnithology:EBIRD:OBS1418578824	45	45	32.309383	-86.181432	2022-04-13
URN:CornellLabOfOrnithology:EBIRD:OBS1406520260	45	45	32.3776781	-86.2292218	2022-04-27
URN:CornellLabOfOrnithology:EBIRD:OBS1390888943	45	45	32.401183	-86.222708	2022-04-13
URN:CornellLabOfOrnithology:EBIRD:OBS1406468051	45	45	32.3582845	-86.4544322	2022-04-27
URN:CornellLabOfOrnithology:EBIRD:OBS1404409997	45	45	32.3995123	-86.2546706	2022-04-25
URN:CornellLabOfOrnithology:EBIRD:OBS1405851368	45	45	32.3776781	-86.2292218	2022-04-26
URN:CornellLabOfOrnithology:EBIRD:OBS1384585253	45	45	32.34045	-86.183704	2022-04-06
URN:CornellLabOfOrnithology:EBIRD:OBS1397648444	45	45	32.3776781	-86.2292218	2022-04-12
URN:CornellLabOfOrnithology:EBIRD:OBS1386441114	45	45	32.3776781	-86.2292218	2022-04-06
URN:CornellLabOfOrnithology:EBIRD:OBS1398632903	45	45	32.3776781	-86.2292218	2022-04-20
URN:CornellLabOfOrnithology:EBIRD:OBS1403305266	45	45	32.3776781	-86.2292218	2022-04-24
URN:CornellLabOfOrnithology:EBIRD:OBS1406468031	46	46	32.3582845	-86.4544322	2022-04-27
URN:CornellLabOfOrnithology:EBIRD:OBS1402674637	46	46	32.3351544	-86.0373657	2022-04-23
URN:CornellLabOfOrnithology:EBIRD:OBS1395173227	46	46	32.369913	-86.048405	2022-04-17
URN:CornellLabOfOrnithology:EBIRD:OBS1399866636	46	46	32.2531502	-86.3512194	2022-04-22
URN:CornellLabOfOrnithology:EBIRD:OBS1392117839	46	46	32.351844	-86.018314	2022-04-14
URN:CornellLabOfOrnithology:EBIRD:OBS1387367714	46	46	32.350288	-86.0243332	2022-04-09
URN:CornellLabOfOrnithology:EBIRD:OBS1392086012	46	46	32.3362785	-86.0345364	2022-04-14
URN:CornellLabOfOrnithology:EBIRD:OBS1395171479	46	46	32.379347	-86.015472	2022-04-17
URN:CornellLabOfOrnithology:EBIRD:OBS1390984422	46	46	32.4151632	-86.2256974	2022-04-13
URN:CornellLabOfOrnithology:EBIRD:OBS1418574196	46	46	32.309383	-86.181432	2022-04-04
URN:CornellLabOfOrnithology:EBIRD:OBS1392103441	46	46	32.350288	-86.0243332	2022-04-14
URN:CornellLabOfOrnithology:EBIRD:OBS1402344787	47	47	32.3776781	-86.2292218	2022-04-23
URN:CornellLabOfOrnithology:EBIRD:OBS1401681207	47	47	32.369819	-86.180017	2022-04-23
URN:CornellLabOfOrnithology:EBIRD:OBS1402503251	47	47	32.369819	-86.180017	2022-04-24
URN:CornellLabOfOrnithology:EBIRD:OBS1402420911	47	47	32.372287	-86.176046	2022-04-24
URN:CornellLabOfOrnithology:EBIRD:OBS1405211520	47	47	32.3582845	-86.4544322	2022-04-26
URN:CornellLabOfOrnithology:EBIRD:OBS1406077905	47	47	32.3582845	-86.4544322	2022-04-26
URN:CornellLabOfOrnithology:EBIRD:OBS1404432738	47	47	32.3582845	-86.4544322	2022-04-25
URN:CornellLabOfOrnithology:EBIRD:OBS1402347188	47	47	32.3776781	-86.2292218	2022-04-24
URN:CornellLabOfOrnithology:EBIRD:OBS1407893994	47	47	32.3776781	-86.2292218	2022-04-28
URN:CornellLabOfOrnithology:EBIRD:OBS1410438774	47	47	32.3776781	-86.2292218	2022-04-30
URN:CornellLabOfOrnithology:EBIRD:OBS1404410924	47	47	32.3995123	-86.2546706	2022-04-25
URN:CornellLabOfOrnithology:EBIRD:OBS1405851375	47	47	32.3776781	-86.2292218	2022-04-26
URN:CornellLabOfOrnithology:EBIRD:OBS1401374887	47	47	32.369819	-86.180017	2022-04-23
URN:CornellLabOfOrnithology:EBIRD:OBS1399866641	47	47	32.2531502	-86.3512194	2022-04-22
URN:CornellLabOfOrnithology:EBIRD:OBS1406468039	47	47	32.3582845	-86.4544322	2022-04-27
URN:CornellLabOfOrnithology:EBIRD:OBS1406520253	47	47	32.3776781	-86.2292218	2022-04-27
URN:CornellLabOfOrnithology:EBIRD:OBS1402640675	47	47	32.3351544	-86.0373657	2022-04-23
URN:CornellLabOfOrnithology:EBIRD:OBS1387000456	48	48	32.350746	-86.211773	2022-04-09
URN:CornellLabOfOrnithology:EBIRD:OBS1409427586	48	48	32.06486	-86.302595	2022-04-30
URN:CornellLabOfOrnithology:EBIRD:OBS1418574206	48	48	32.309383	-86.181432	2022-04-04
URN:CornellLabOfOrnithology:EBIRD:OBS1418578825	48	48	32.309383	-86.181432	2022-04-13
URN:CornellLabOfOrnithology:EBIRD:OBS1387155377	48	48	32.4151632	-86.2256974	2022-04-09
URN:CornellLabOfOrnithology:EBIRD:OBS1399866653	48	48	32.2531502	-86.3512194	2022-04-22
URN:CornellLabOfOrnithology:EBIRD:OBS1392117834	48	48	32.351844	-86.018314	2022-04-14
URN:CornellLabOfOrnithology:EBIRD:OBS1387000449	49	49	32.350746	-86.211773	2022-04-09
URN:CornellLabOfOrnithology:EBIRD:OBS1418578819	49	49	32.309383	-86.181432	2022-04-13
URN:CornellLabOfOrnithology:EBIRD:OBS1418574193	49	49	32.309383	-86.181432	2022-04-04
URN:CornellLabOfOrnithology:EBIRD:OBS1407322574	49	49	32.369819	-86.180017	2022-04-13
URN:CornellLabOfOrnithology:EBIRD:OBS1401374893	50	50	32.369819	-86.180017	2022-04-23
URN:CornellLabOfOrnithology:EBIRD:OBS1402466481	50	50	32.3776781	-86.2292218	2022-04-24
URN:CornellLabOfOrnithology:EBIRD:OBS1401681213	50	50	32.369819	-86.180017	2022-04-23
URN:CornellLabOfOrnithology:EBIRD:OBS1383013775	51	51	32.395143	-86.235939	2022-04-04
URN:CornellLabOfOrnithology:EBIRD:OBS1384435984	52	52	32.3804326	-86.2308741	2022-04-06
URN:CornellLabOfOrnithology:EBIRD:OBS1397444648	52	52	32.3804326	-86.2308741	2022-04-19
URN:CornellLabOfOrnithology:EBIRD:OBS1405810311	52	52	32.340487	-86.183744	2022-04-27
URN:CornellLabOfOrnithology:EBIRD:OBS1380670881	52	52	32.3804326	-86.2308741	2022-04-02
URN:CornellLabOfOrnithology:EBIRD:OBS1383040722	52	52	32.3804326	-86.2308741	2022-04-04
URN:CornellLabOfOrnithology:EBIRD:OBS1386059164	52	52	32.3804326	-86.2308741	2022-04-08
URN:CornellLabOfOrnithology:EBIRD:OBS1409205529	52	52	32.3804326	-86.2308741	2022-04-30
URN:CornellLabOfOrnithology:EBIRD:OBS1404820609	52	52	32.3804326	-86.2308741	2022-04-26
URN:CornellLabOfOrnithology:EBIRD:OBS1381896881	52	52	32.3804326	-86.2308741	2022-04-03
URN:CornellLabOfOrnithology:EBIRD:OBS1395223928	52	52	32.331019	-86.154447	2022-04-17
URN:CornellLabOfOrnithology:EBIRD:OBS1386440288	52	52	32.3804326	-86.2308741	2022-04-08
URN:CornellLabOfOrnithology:EBIRD:OBS1404086121	52	52	32.340489	-86.183732	2022-04-25
URN:CornellLabOfOrnithology:EBIRD:OBS1396071437	52	52	32.340487	-86.183744	2022-04-18
URN:CornellLabOfOrnithology:EBIRD:OBS1385180939	52	52	32.3804326	-86.2308741	2022-04-07
URN:CornellLabOfOrnithology:EBIRD:OBS1383942787	52	52	32.3804326	-86.2308741	2022-04-05
URN:CornellLabOfOrnithology:EBIRD:OBS1408495338	52	52	32.176196	-86.352121	2022-04-29
URN:CornellLabOfOrnithology:EBIRD:OBS1402674635	52	52	32.3351544	-86.0373657	2022-04-23
URN:CornellLabOfOrnithology:EBIRD:OBS1395282699	52	52	32.176196	-86.352121	2022-04-17
URN:CornellLabOfOrnithology:EBIRD:OBS1380051770	52	52	32.3401401	-86.1699557	2022-04-01
URN:CornellLabOfOrnithology:EBIRD:OBS1397640869	52	52	32.3776781	-86.2292218	2022-04-12
URN:CornellLabOfOrnithology:EBIRD:OBS1409866380	52	52	32.37766	-86.3006008	2022-04-30
URN:CornellLabOfOrnithology:EBIRD:OBS1385234908	52	52	32.3804326	-86.2308741	2022-04-07
URN:CornellLabOfOrnithology:EBIRD:OBS1399968944	52	52	32.3804326	-86.2308741	2022-04-22
URN:CornellLabOfOrnithology:EBIRD:OBS1392219813	52	52	32.352449	-86.284184	2022-04-14
URN:CornellLabOfOrnithology:EBIRD:OBS1403735362	52	52	32.3804326	-86.2308741	2022-04-25
URN:CornellLabOfOrnithology:EBIRD:OBS1392227680	52	52	32.352449	-86.284184	2022-04-14
URN:CornellLabOfOrnithology:EBIRD:OBS1391481790	52	52	32.3351544	-86.0373657	2022-04-13
URN:CornellLabOfOrnithology:EBIRD:OBS1383548239	52	52	32.3804326	-86.2308741	2022-04-04
URN:CornellLabOfOrnithology:EBIRD:OBS1388042686	52	52	32.3804326	-86.2308741	2022-04-10
URN:CornellLabOfOrnithology:EBIRD:OBS1392086011	52	52	32.3362785	-86.0345364	2022-04-14
URN:CornellLabOfOrnithology:EBIRD:OBS1389148049	52	52	32.3804326	-86.2308741	2022-04-11
URN:CornellLabOfOrnithology:EBIRD:OBS1407971624	52	52	32.340487	-86.183744	2022-04-29
URN:CornellLabOfOrnithology:EBIRD:OBS1387105171	52	52	32.3804326	-86.2308741	2022-04-09
URN:CornellLabOfOrnithology:EBIRD:OBS1388026259	52	52	32.3804326	-86.2308741	2022-04-10
URN:CornellLabOfOrnithology:EBIRD:OBS1405942668	52	52	32.3804326	-86.2308741	2022-04-27
URN:CornellLabOfOrnithology:EBIRD:OBS1410438775	52	52	32.3776781	-86.2292218	2022-04-30
URN:CornellLabOfOrnithology:EBIRD:OBS1409167958	52	52	32.340434	-86.183793	2022-04-30
URN:CornellLabOfOrnithology:EBIRD:OBS1396158606	52	52	32.3804326	-86.2308741	2022-04-18
URN:CornellLabOfOrnithology:EBIRD:OBS1386948675	52	52	32.3804326	-86.2308741	2022-04-09
URN:CornellLabOfOrnithology:EBIRD:OBS1395223931	53	53	32.331019	-86.154447	2022-04-17
URN:CornellLabOfOrnithology:EBIRD:OBS1391020784	53	53	32.3804326	-86.2308741	2022-04-13
URN:CornellLabOfOrnithology:EBIRD:OBS1393880556	53	53	32.331019	-86.154447	2022-04-16
URN:CornellLabOfOrnithology:EBIRD:OBS1402674638	53	53	32.3351544	-86.0373657	2022-04-23
URN:CornellLabOfOrnithology:EBIRD:OBS1402919674	53	53	32.3695524	-86.2294713	2022-04-24
URN:CornellLabOfOrnithology:EBIRD:OBS1380997474	53	53	32.382671	-86.3078737	2022-04-02
URN:CornellLabOfOrnithology:EBIRD:OBS1391481778	53	53	32.3351544	-86.0373657	2022-04-13
URN:CornellLabOfOrnithology:EBIRD:OBS1392103437	53	53	32.350288	-86.0243332	2022-04-14
URN:CornellLabOfOrnithology:EBIRD:OBS1391493641	53	53	32.358282	-86.298174	2022-04-13
URN:CornellLabOfOrnithology:EBIRD:OBS1381711303	54	54	32.369819	-86.180017	2022-04-03
URN:CornellLabOfOrnithology:EBIRD:OBS1401681210	55	55	32.369819	-86.180017	2022-04-23
URN:CornellLabOfOrnithology:EBIRD:OBS1399866656	55	55	32.2531502	-86.3512194	2022-04-22
URN:CornellLabOfOrnithology:EBIRD:OBS1392440582	55	55	32.054564	-86.219386	2022-04-11
URN:CornellLabOfOrnithology:EBIRD:OBS1391724353	55	55	32.3804326	-86.2308741	2022-04-14
URN:CornellLabOfOrnithology:EBIRD:OBS1408567775	55	55	32.35336	-86.2540993	2022-04-29
URN:CornellLabOfOrnithology:EBIRD:OBS1398570347	55	55	32.0492756	-86.2220963	2022-04-19
URN:CornellLabOfOrnithology:EBIRD:OBS1401374890	55	55	32.369819	-86.180017	2022-04-23
URN:CornellLabOfOrnithology:EBIRD:OBS1392219815	55	55	32.352449	-86.284184	2022-04-14
URN:CornellLabOfOrnithology:EBIRD:OBS1392227681	56	56	32.352449	-86.284184	2022-04-14
URN:CornellLabOfOrnithology:EBIRD:OBS1392440607	56	56	32.054564	-86.219386	2022-04-13
URN:CornellLabOfOrnithology:EBIRD:OBS1395326173	57	57	32.345618	-86.03291	2022-04-17
URN:CornellLabOfOrnithology:EBIRD:OBS1407322576	57	57	32.369819	-86.180017	2022-04-13
URN:CornellLabOfOrnithology:EBIRD:OBS1418574190	57	57	32.309383	-86.181432	2022-04-04
URN:CornellLabOfOrnithology:EBIRD:OBS1418578821	57	57	32.309383	-86.181432	2022-04-13
URN:CornellLabOfOrnithology:EBIRD:OBS1392103440	57	57	32.350288	-86.0243332	2022-04-14
URN:CornellLabOfOrnithology:EBIRD:OBS1391481792	58	58	32.3351544	-86.0373657	2022-04-13
URN:CornellLabOfOrnithology:EBIRD:OBS1387000452	59	59	32.350746	-86.211773	2022-04-09
URN:CornellLabOfOrnithology:EBIRD:OBS1402674632	59	59	32.3351544	-86.0373657	2022-04-23
URN:CornellLabOfOrnithology:EBIRD:OBS1404410925	59	59	32.3995123	-86.2546706	2022-04-25
URN:CornellLabOfOrnithology:EBIRD:OBS1418583328	59	59	32.309383	-86.181432	2022-04-13
URN:CornellLabOfOrnithology:EBIRD:OBS1397547251	59	59	32.350288	-86.0243332	2022-04-19
URN:CornellLabOfOrnithology:EBIRD:OBS1418574203	59	59	32.309383	-86.181432	2022-04-04
URN:CornellLabOfOrnithology:EBIRD:OBS1391481781	59	59	32.3351544	-86.0373657	2022-04-13
URN:CornellLabOfOrnithology:EBIRD:OBS1387367722	59	59	32.350288	-86.0243332	2022-04-09
URN:CornellLabOfOrnithology:EBIRD:OBS1406468038	60	60	32.3582845	-86.4544322	2022-04-27
URN:CornellLabOfOrnithology:EBIRD:OBS1410457772	60	60	32.3776781	-86.2292218	2022-04-29
URN:CornellLabOfOrnithology:EBIRD:OBS1403732381	60	60	32.333912	-86.248282	2022-04-25
URN:CornellLabOfOrnithology:EBIRD:OBS1403706958	60	60	32.3804326	-86.2308741	2022-04-25
URN:CornellLabOfOrnithology:EBIRD:OBS1402337542	60	60	32.3776781	-86.2292218	2022-04-24
URN:CornellLabOfOrnithology:EBIRD:OBS1407893993	60	60	32.3776781	-86.2292218	2022-04-28
URN:CornellLabOfOrnithology:EBIRD:OBS1405942672	60	60	32.3804326	-86.2308741	2022-04-27
URN:CornellLabOfOrnithology:EBIRD:OBS1404407881	60	60	32.3776781	-86.2292218	2022-04-25
URN:CornellLabOfOrnithology:EBIRD:OBS1404432728	60	60	32.3582845	-86.4544322	2022-04-25
URN:CornellLabOfOrnithology:EBIRD:OBS1414367168	61	61	32.1057265	-86.0246692	2022-04-28
URN:CornellLabOfOrnithology:EBIRD:OBS1397886067	61	61	32.3466126	-86.267211	2022-04-20
URN:CornellLabOfOrnithology:EBIRD:OBS1396084290	61	61	32.34045	-86.183704	2022-04-18
URN:CornellLabOfOrnithology:EBIRD:OBS1402674636	61	61	32.3351544	-86.0373657	2022-04-23
URN:CornellLabOfOrnithology:EBIRD:OBS1408424800	61	61	32.399881	-86.33569	2022-04-29
URN:CornellLabOfOrnithology:EBIRD:OBS1401451073	61	61	32.3804326	-86.2308741	2022-04-23
URN:CornellLabOfOrnithology:EBIRD:OBS1401102108	61	61	32.3804326	-86.2308741	2022-04-23
URN:CornellLabOfOrnithology:EBIRD:OBS1380248597	61	61	32.369819	-86.180017	2022-04-01
URN:CornellLabOfOrnithology:EBIRD:OBS1406979105	61	61	32.3804326	-86.2308741	2022-04-28
URN:CornellLabOfOrnithology:EBIRD:OBS1402503258	61	61	32.369819	-86.180017	2022-04-24
URN:CornellLabOfOrnithology:EBIRD:OBS1388107985	61	61	32.340487	-86.183744	2022-04-10
URN:CornellLabOfOrnithology:EBIRD:OBS1395223926	61	61	32.331019	-86.154447	2022-04-17
URN:CornellLabOfOrnithology:EBIRD:OBS1390896704	61	61	32.34045	-86.183704	2022-04-13
URN:CornellLabOfOrnithology:EBIRD:OBS1399866650	61	61	32.2531502	-86.3512194	2022-04-22
URN:CornellLabOfOrnithology:EBIRD:OBS1397547250	61	61	32.350288	-86.0243332	2022-04-19
URN:CornellLabOfOrnithology:EBIRD:OBS1395282692	61	61	32.176196	-86.352121	2022-04-17
URN:CornellLabOfOrnithology:EBIRD:OBS1405810313	61	61	32.340487	-86.183744	2022-04-27
URN:CornellLabOfOrnithology:EBIRD:OBS1390984415	61	61	32.4151632	-86.2256974	2022-04-13
URN:CornellLabOfOrnithology:EBIRD:OBS1390888949	61	61	32.401183	-86.222708	2022-04-13
URN:CornellLabOfOrnithology:EBIRD:OBS1380997475	61	61	32.382671	-86.3078737	2022-04-02
URN:CornellLabOfOrnithology:EBIRD:OBS1404410921	61	61	32.3995123	-86.2546706	2022-04-25
URN:CornellLabOfOrnithology:EBIRD:OBS1396158607	61	61	32.3804326	-86.2308741	2022-04-18
URN:CornellLabOfOrnithology:EBIRD:OBS1401854249	61	61	32.310409	-86.101011	2022-04-23
URN:CornellLabOfOrnithology:EBIRD:OBS1386440286	61	61	32.3804326	-86.2308741	2022-04-08
URN:CornellLabOfOrnithology:EBIRD:OBS1401854263	61	61	32.310409	-86.101011	2022-04-23
URN:CornellLabOfOrnithology:EBIRD:OBS1406468047	61	61	32.3582845	-86.4544322	2022-04-27
URN:CornellLabOfOrnithology:EBIRD:OBS1391481789	61	61	32.3351544	-86.0373657	2022-04-13
URN:CornellLabOfOrnithology:EBIRD:OBS1408495339	61	61	32.176196	-86.352121	2022-04-29
URN:CornellLabOfOrnithology:EBIRD:OBS1392219825	61	61	32.352449	-86.284184	2022-04-14
URN:CornellLabOfOrnithology:EBIRD:OBS1380218680	61	61	32.3804326	-86.2308741	2022-04-01
URN:CornellLabOfOrnithology:EBIRD:OBS1406077906	61	61	32.3582845	-86.4544322	2022-04-26
URN:CornellLabOfOrnithology:EBIRD:OBS1402919675	61	61	32.3695524	-86.2294713	2022-04-24
URN:CornellLabOfOrnithology:EBIRD:OBS1380928712	61	61	32.34045	-86.183688	2022-04-02
URN:CornellLabOfOrnithology:EBIRD:OBS1389136283	61	61	32.340466	-86.183694	2022-04-11
URN:CornellLabOfOrnithology:EBIRD:OBS1399516423	61	61	32.3776781	-86.2292218	2022-04-21
URN:CornellLabOfOrnithology:EBIRD:OBS1404096028	61	61	32.340489	-86.183732	2022-04-25
URN:CornellLabOfOrnithology:EBIRD:OBS1401088244	61	61	32.340496	-86.183669	2022-04-23
URN:CornellLabOfOrnithology:EBIRD:OBS1411953254	61	61	32.310409	-86.101011	2022-04-23
URN:CornellLabOfOrnithology:EBIRD:OBS1385626219	61	61	32.3804326	-86.2308741	2022-04-07
URN:CornellLabOfOrnithology:EBIRD:OBS1410466151	61	61	32.3776781	-86.2292218	2022-04-30
URN:CornellLabOfOrnithology:EBIRD:OBS1393879173	61	61	32.331019	-86.154447	2022-04-16
URN:CornellLabOfOrnithology:EBIRD:OBS1404407884	61	61	32.3776781	-86.2292218	2022-04-25
URN:CornellLabOfOrnithology:EBIRD:OBS1399431876	61	61	32.3804326	-86.2308741	2022-04-21
URN:CornellLabOfOrnithology:EBIRD:OBS1409517818	61	61	32.379728	-86.218634	2022-04-30
URN:CornellLabOfOrnithology:EBIRD:OBS1398570340	61	61	32.0492756	-86.2220963	2022-04-19
URN:CornellLabOfOrnithology:EBIRD:OBS1381733612	61	61	32.369819	-86.180017	2022-04-03
URN:CornellLabOfOrnithology:EBIRD:OBS1410457774	61	61	32.3776781	-86.2292218	2022-04-29
URN:CornellLabOfOrnithology:EBIRD:OBS1404432725	61	61	32.3582845	-86.4544322	2022-04-25
URN:CornellLabOfOrnithology:EBIRD:OBS1381086439	61	61	32.3718558	-86.3137808	2022-04-02
URN:CornellLabOfOrnithology:EBIRD:OBS1388042681	61	61	32.3804326	-86.2308741	2022-04-10
URN:CornellLabOfOrnithology:EBIRD:OBS1404410926	62	62	32.3995123	-86.2546706	2022-04-25
URN:CornellLabOfOrnithology:EBIRD:OBS1399866648	62	62	32.2531502	-86.3512194	2022-04-22
URN:CornellLabOfOrnithology:EBIRD:OBS1389136284	62	62	32.340466	-86.183694	2022-04-11
URN:CornellLabOfOrnithology:EBIRD:OBS1404820610	62	62	32.3804326	-86.2308741	2022-04-26
URN:CornellLabOfOrnithology:EBIRD:OBS1399216707	62	62	32.3776781	-86.2292218	2022-04-21
URN:CornellLabOfOrnithology:EBIRD:OBS1391020780	62	62	32.3804326	-86.2308741	2022-04-13
URN:CornellLabOfOrnithology:EBIRD:OBS1406520252	62	62	32.3776781	-86.2292218	2022-04-27
URN:CornellLabOfOrnithology:EBIRD:OBS1401088242	62	62	32.340496	-86.183669	2022-04-23
URN:CornellLabOfOrnithology:EBIRD:OBS1399431874	62	62	32.3804326	-86.2308741	2022-04-21
URN:CornellLabOfOrnithology:EBIRD:OBS1408469185	62	62	32.3804326	-86.2308741	2022-04-29
URN:CornellLabOfOrnithology:EBIRD:OBS1395223932	62	62	32.331019	-86.154447	2022-04-17
URN:CornellLabOfOrnithology:EBIRD:OBS1383562502	62	62	32.3804326	-86.2308741	2022-04-05
URN:CornellLabOfOrnithology:EBIRD:OBS1380640104	62	62	32.3804326	-86.2308741	2022-04-02
URN:CornellLabOfOrnithology:EBIRD:OBS1388026256	62	62	32.3804326	-86.2308741	2022-04-10
URN:CornellLabOfOrnithology:EBIRD:OBS1395326165	62	62	32.345618	-86.03291	2022-04-17
URN:CornellLabOfOrnithology:EBIRD:OBS1404407887	62	62	32.3776781	-86.2292218	2022-04-25
URN:CornellLabOfOrnithology:EBIRD:OBS1381711307	62	62	32.369819	-86.180017	2022-04-03
URN:CornellLabOfOrnithology:EBIRD:OBS1395282696	62	62	32.176196	-86.352121	2022-04-17
URN:CornellLabOfOrnithology:EBIRD:OBS1385626224	62	62	32.3804326	-86.2308741	2022-04-07
URN:CornellLabOfOrnithology:EBIRD:OBS1407322572	62	62	32.369819	-86.180017	2022-04-13
URN:CornellLabOfOrnithology:EBIRD:OBS1399968941	62	62	32.3804326	-86.2308741	2022-04-22
URN:CornellLabOfOrnithology:EBIRD:OBS1410462301	62	62	32.3776781	-86.2292218	2022-04-29
URN:CornellLabOfOrnithology:EBIRD:OBS1398570344	62	62	32.0492756	-86.2220963	2022-04-19
URN:CornellLabOfOrnithology:EBIRD:OBS1410469884	62	62	32.3776781	-86.2292218	2022-04-30
URN:CornellLabOfOrnithology:EBIRD:OBS1386926686	62	62	32.3804326	-86.2308741	2022-04-09
URN:CornellLabOfOrnithology:EBIRD:OBS1380765123	62	62	32.3804326	-86.2308741	2022-04-02
URN:CornellLabOfOrnithology:EBIRD:OBS1390888942	62	62	32.401183	-86.222708	2022-04-13
URN:CornellLabOfOrnithology:EBIRD:OBS1390487492	62	62	32.3804326	-86.2308741	2022-04-12
URN:CornellLabOfOrnithology:EBIRD:OBS1399504899	62	62	32.3776781	-86.2292218	2022-04-21
URN:CornellLabOfOrnithology:EBIRD:OBS1380248606	62	62	32.369819	-86.180017	2022-04-01
URN:CornellLabOfOrnithology:EBIRD:OBS1402674642	62	62	32.3351544	-86.0373657	2022-04-23
URN:CornellLabOfOrnithology:EBIRD:OBS1380928710	62	62	32.34045	-86.183688	2022-04-02
URN:CornellLabOfOrnithology:EBIRD:OBS1397985467	62	62	32.3804326	-86.2308741	2022-04-20
URN:CornellLabOfOrnithology:EBIRD:OBS1398632900	62	62	32.3776781	-86.2292218	2022-04-20
URN:CornellLabOfOrnithology:EBIRD:OBS1393192250	62	62	32.349053	-86.16891	2022-04-15
URN:CornellLabOfOrnithology:EBIRD:OBS1404904566	62	62	32.3804326	-86.2308741	2022-04-26
URN:CornellLabOfOrnithology:EBIRD:OBS1397270882	62	62	32.3804326	-86.2308741	2022-04-19
URN:CornellLabOfOrnithology:EBIRD:OBS1389982978	62	62	32.3804326	-86.2308741	2022-04-12
URN:CornellLabOfOrnithology:EBIRD:OBS1392442976	62	62	32.054564	-86.219386	2022-04-13
URN:CornellLabOfOrnithology:EBIRD:OBS1381834703	62	62	32.3804326	-86.2308741	2022-04-03
URN:CornellLabOfOrnithology:EBIRD:OBS1406112972	62	62	32.3776781	-86.2292218	2022-04-27
URN:CornellLabOfOrnithology:EBIRD:OBS1384495769	62	62	32.3804326	-86.2308741	2022-04-06
URN:CornellLabOfOrnithology:EBIRD:OBS1409255199	62	62	32.3804326	-86.2308741	2022-04-30
URN:CornellLabOfOrnithology:EBIRD:OBS1409167960	62	62	32.340434	-86.183793	2022-04-30
URN:CornellLabOfOrnithology:EBIRD:OBS1389148053	62	62	32.3804326	-86.2308741	2022-04-11
URN:CornellLabOfOrnithology:EBIRD:OBS1397648442	62	62	32.3776781	-86.2292218	2022-04-12
URN:CornellLabOfOrnithology:EBIRD:OBS1392227684	62	62	32.352449	-86.284184	2022-04-14
URN:CornellLabOfOrnithology:EBIRD:OBS1406077904	62	62	32.3582845	-86.4544322	2022-04-26
URN:CornellLabOfOrnithology:EBIRD:OBS1402420920	62	62	32.372287	-86.176046	2022-04-24
URN:CornellLabOfOrnithology:EBIRD:OBS1383942784	62	62	32.3804326	-86.2308741	2022-04-05
URN:CornellLabOfOrnithology:EBIRD:OBS1405851376	62	62	32.3776781	-86.2292218	2022-04-26
URN:CornellLabOfOrnithology:EBIRD:OBS1380997478	62	62	32.382671	-86.3078737	2022-04-02
URN:CornellLabOfOrnithology:EBIRD:OBS1380121703	62	62	32.3695524	-86.2294713	2022-04-01
URN:CornellLabOfOrnithology:EBIRD:OBS1403300628	62	62	32.3776781	-86.2292218	2022-04-24
URN:CornellLabOfOrnithology:EBIRD:OBS1418574205	62	62	32.309383	-86.181432	2022-04-04
URN:CornellLabOfOrnithology:EBIRD:OBS1400067079	62	62	32.3804326	-86.2308741	2022-04-22
URN:CornellLabOfOrnithology:EBIRD:OBS1392090481	62	62	32.3718558	-86.3137808	2022-04-14
URN:CornellLabOfOrnithology:EBIRD:OBS1404086119	62	62	32.340489	-86.183732	2022-04-25
URN:CornellLabOfOrnithology:EBIRD:OBS1403735363	62	62	32.3804326	-86.2308741	2022-04-25
URN:CornellLabOfOrnithology:EBIRD:OBS1381896882	62	62	32.3804326	-86.2308741	2022-04-03
URN:CornellLabOfOrnithology:EBIRD:OBS1389433493	62	62	32.3804326	-86.2308741	2022-04-11
URN:CornellLabOfOrnithology:EBIRD:OBS1380218675	62	62	32.3804326	-86.2308741	2022-04-01
URN:CornellLabOfOrnithology:EBIRD:OBS1380670883	62	62	32.3804326	-86.2308741	2022-04-02
URN:CornellLabOfOrnithology:EBIRD:OBS1393291239	62	62	32.354921	-86.298426	2022-04-15
URN:CornellLabOfOrnithology:EBIRD:OBS1395128984	62	62	32.354921	-86.298426	2022-04-17
URN:CornellLabOfOrnithology:EBIRD:OBS1402841344	62	62	32.3804326	-86.2308741	2022-04-24
URN:CornellLabOfOrnithology:EBIRD:OBS1387105172	62	62	32.3804326	-86.2308741	2022-04-09
URN:CornellLabOfOrnithology:EBIRD:OBS1392634231	62	62	32.3804326	-86.2308741	2022-04-15
URN:CornellLabOfOrnithology:EBIRD:OBS1402969883	62	62	32.3804326	-86.2308741	2022-04-23
URN:CornellLabOfOrnithology:EBIRD:OBS1387000444	62	62	32.350746	-86.211773	2022-04-09
URN:CornellLabOfOrnithology:EBIRD:OBS1408495334	62	62	32.176196	-86.352121	2022-04-29
URN:CornellLabOfOrnithology:EBIRD:OBS1406468054	62	62	32.3582845	-86.4544322	2022-04-27
URN:CornellLabOfOrnithology:EBIRD:OBS1383040720	62	62	32.3804326	-86.2308741	2022-04-04
URN:CornellLabOfOrnithology:EBIRD:OBS1401529664	62	62	32.3776781	-86.2292218	2022-04-22
URN:CornellLabOfOrnithology:EBIRD:OBS1409866379	62	62	32.37766	-86.3006008	2022-04-30
URN:CornellLabOfOrnithology:EBIRD:OBS1408134932	62	62	32.3804326	-86.2308741	2022-04-29
URN:CornellLabOfOrnithology:EBIRD:OBS1391481777	62	62	32.3351544	-86.0373657	2022-04-13
URN:CornellLabOfOrnithology:EBIRD:OBS1386440285	62	62	32.3804326	-86.2308741	2022-04-08
URN:CornellLabOfOrnithology:EBIRD:OBS1392219814	62	62	32.352449	-86.284184	2022-04-14
URN:CornellLabOfOrnithology:EBIRD:OBS1384435980	62	62	32.3804326	-86.2308741	2022-04-06
URN:CornellLabOfOrnithology:EBIRD:OBS1381733617	62	62	32.369819	-86.180017	2022-04-03
URN:CornellLabOfOrnithology:EBIRD:OBS1386948672	62	62	32.3804326	-86.2308741	2022-04-09
URN:CornellLabOfOrnithology:EBIRD:OBS1397444645	62	62	32.3804326	-86.2308741	2022-04-19
URN:CornellLabOfOrnithology:EBIRD:OBS1401374885	62	62	32.369819	-86.180017	2022-04-23
URN:CornellLabOfOrnithology:EBIRD:OBS1388107986	62	62	32.340487	-86.183744	2022-04-10
URN:CornellLabOfOrnithology:EBIRD:OBS1398927978	62	62	32.3804326	-86.2308741	2022-04-21
URN:CornellLabOfOrnithology:EBIRD:OBS1388655047	62	62	32.3804326	-86.2308741	2022-04-10
URN:CornellLabOfOrnithology:EBIRD:OBS1405810312	62	62	32.340487	-86.183744	2022-04-27
URN:CornellLabOfOrnithology:EBIRD:OBS1391724351	62	62	32.3804326	-86.2308741	2022-04-14
URN:CornellLabOfOrnithology:EBIRD:OBS1385180934	62	62	32.3804326	-86.2308741	2022-04-07
URN:CornellLabOfOrnithology:EBIRD:OBS1393879175	62	62	32.331019	-86.154447	2022-04-16
URN:CornellLabOfOrnithology:EBIRD:OBS1406979104	62	62	32.3804326	-86.2308741	2022-04-28
URN:CornellLabOfOrnithology:EBIRD:OBS1397643927	62	62	32.3776781	-86.2292218	2022-04-18
URN:CornellLabOfOrnithology:EBIRD:OBS1389939263	62	62	32.3804326	-86.2308741	2022-04-12
URN:CornellLabOfOrnithology:EBIRD:OBS1402426927	62	62	32.3804326	-86.2308741	2022-04-24
URN:CornellLabOfOrnithology:EBIRD:OBS1384585250	62	62	32.34045	-86.183704	2022-04-06
URN:CornellLabOfOrnithology:EBIRD:OBS1386441108	62	62	32.3776781	-86.2292218	2022-04-06
URN:CornellLabOfOrnithology:EBIRD:OBS1401681205	62	62	32.369819	-86.180017	2022-04-23
URN:CornellLabOfOrnithology:EBIRD:OBS1390965504	62	62	32.3804326	-86.2308741	2022-04-13
URN:CornellLabOfOrnithology:EBIRD:OBS1396158604	62	62	32.3804326	-86.2308741	2022-04-18
URN:CornellLabOfOrnithology:EBIRD:OBS1405211511	62	62	32.3582845	-86.4544322	2022-04-26
URN:CornellLabOfOrnithology:EBIRD:OBS1385234905	62	62	32.3804326	-86.2308741	2022-04-07
URN:CornellLabOfOrnithology:EBIRD:OBS1404432726	62	62	32.3582845	-86.4544322	2022-04-25
URN:CornellLabOfOrnithology:EBIRD:OBS1391696798	62	62	32.3804326	-86.2308741	2022-04-14
URN:CornellLabOfOrnithology:EBIRD:OBS1402503261	62	62	32.369819	-86.180017	2022-04-24
URN:CornellLabOfOrnithology:EBIRD:OBS1386059162	62	62	32.3804326	-86.2308741	2022-04-08
URN:CornellLabOfOrnithology:EBIRD:OBS1386428572	62	62	32.3776781	-86.2292218	2022-04-08
URN:CornellLabOfOrnithology:EBIRD:OBS1405942669	62	62	32.3804326	-86.2308741	2022-04-27
URN:CornellLabOfOrnithology:EBIRD:OBS1401454976	62	62	32.3804326	-86.2308741	2022-04-23
URN:CornellLabOfOrnithology:EBIRD:OBS1401102112	62	62	32.3804326	-86.2308741	2022-04-23
URN:CornellLabOfOrnithology:EBIRD:OBS1388042687	62	62	32.3804326	-86.2308741	2022-04-10
URN:CornellLabOfOrnithology:EBIRD:OBS1390003071	62	62	32.34045	-86.183704	2022-04-12
URN:CornellLabOfOrnithology:EBIRD:OBS1390984408	62	62	32.4151632	-86.2256974	2022-04-13
URN:CornellLabOfOrnithology:EBIRD:OBS1396811403	62	62	32.3804326	-86.2308741	2022-04-18
URN:CornellLabOfOrnithology:EBIRD:OBS1390928878	62	62	32.401004	-86.225994	2022-04-13
URN:CornellLabOfOrnithology:EBIRD:OBS1392227671	62	62	32.3404	-86.183679	2022-04-14
URN:CornellLabOfOrnithology:EBIRD:OBS1418578823	62	62	32.309383	-86.181432	2022-04-13
URN:CornellLabOfOrnithology:EBIRD:OBS1383548236	62	62	32.3804326	-86.2308741	2022-04-04
URN:CornellLabOfOrnithology:EBIRD:OBS1407893992	62	62	32.3776781	-86.2292218	2022-04-28
URN:CornellLabOfOrnithology:EBIRD:OBS1396084289	62	62	32.34045	-86.183704	2022-04-18
URN:CornellLabOfOrnithology:EBIRD:OBS1390888945	63	63	32.401183	-86.222708	2022-04-13
URN:CornellLabOfOrnithology:EBIRD:OBS1390928885	63	63	32.401004	-86.225994	2022-04-13
URN:CornellLabOfOrnithology:EBIRD:OBS1414367163	63	63	32.1057265	-86.0246692	2022-04-28
URN:CornellLabOfOrnithology:EBIRD:OBS1406112971	63	63	32.3776781	-86.2292218	2022-04-27
URN:CornellLabOfOrnithology:EBIRD:OBS1387367717	64	64	32.350288	-86.0243332	2022-04-09
URN:CornellLabOfOrnithology:EBIRD:OBS1396158609	64	64	32.3804326	-86.2308741	2022-04-18
URN:CornellLabOfOrnithology:EBIRD:OBS1397643928	64	64	32.3776781	-86.2292218	2022-04-18
URN:CornellLabOfOrnithology:EBIRD:OBS1392086010	64	64	32.3362785	-86.0345364	2022-04-14
URN:CornellLabOfOrnithology:EBIRD:OBS1389148048	64	64	32.3804326	-86.2308741	2022-04-11
URN:CornellLabOfOrnithology:EBIRD:OBS1410457777	64	64	32.3776781	-86.2292218	2022-04-29
URN:CornellLabOfOrnithology:EBIRD:OBS1402503246	64	64	32.369819	-86.180017	2022-04-24
URN:CornellLabOfOrnithology:EBIRD:OBS1389982979	64	64	32.3804326	-86.2308741	2022-04-12
URN:CornellLabOfOrnithology:EBIRD:OBS1405851370	64	64	32.3776781	-86.2292218	2022-04-26
URN:CornellLabOfOrnithology:EBIRD:OBS1381896885	64	64	32.3804326	-86.2308741	2022-04-03
URN:CornellLabOfOrnithology:EBIRD:OBS1390888936	64	64	32.401183	-86.222708	2022-04-13
URN:CornellLabOfOrnithology:EBIRD:OBS1399504903	64	64	32.3776781	-86.2292218	2022-04-21
URN:CornellLabOfOrnithology:EBIRD:OBS1399968942	64	64	32.3804326	-86.2308741	2022-04-22
URN:CornellLabOfOrnithology:EBIRD:OBS1385234910	64	64	32.3804326	-86.2308741	2022-04-07
URN:CornellLabOfOrnithology:EBIRD:OBS1400067078	64	64	32.3804326	-86.2308741	2022-04-22
URN:CornellLabOfOrnithology:EBIRD:OBS1401102111	64	64	32.3804326	-86.2308741	2022-04-23
URN:CornellLabOfOrnithology:EBIRD:OBS1383040721	64	64	32.3804326	-86.2308741	2022-04-04
URN:CornellLabOfOrnithology:EBIRD:OBS1408495344	64	64	32.176196	-86.352121	2022-04-29
URN:CornellLabOfOrnithology:EBIRD:OBS1407322580	64	64	32.369819	-86.180017	2022-04-13
URN:CornellLabOfOrnithology:EBIRD:OBS1385626223	64	64	32.3804326	-86.2308741	2022-04-07
URN:CornellLabOfOrnithology:EBIRD:OBS1404904570	64	64	32.3804326	-86.2308741	2022-04-26
URN:CornellLabOfOrnithology:EBIRD:OBS1397270878	64	64	32.3804326	-86.2308741	2022-04-19
URN:CornellLabOfOrnithology:EBIRD:OBS1409205528	64	64	32.3804326	-86.2308741	2022-04-30
URN:CornellLabOfOrnithology:EBIRD:OBS1404820614	64	64	32.3804326	-86.2308741	2022-04-26
URN:CornellLabOfOrnithology:EBIRD:OBS1381711319	64	64	32.369819	-86.180017	2022-04-03
URN:CornellLabOfOrnithology:EBIRD:OBS1401854273	64	64	32.310409	-86.101011	2022-04-23
URN:CornellLabOfOrnithology:EBIRD:OBS1402420919	64	64	32.372287	-86.176046	2022-04-24
URN:CornellLabOfOrnithology:EBIRD:OBS1402674627	64	64	32.3351544	-86.0373657	2022-04-23
URN:CornellLabOfOrnithology:EBIRD:OBS1409255196	64	64	32.3804326	-86.2308741	2022-04-30
URN:CornellLabOfOrnithology:EBIRD:OBS1395326168	64	64	32.345618	-86.03291	2022-04-17
URN:CornellLabOfOrnithology:EBIRD:OBS1387000451	64	64	32.350746	-86.211773	2022-04-09
URN:CornellLabOfOrnithology:EBIRD:OBS1380248600	64	64	32.369819	-86.180017	2022-04-01
URN:CornellLabOfOrnithology:EBIRD:OBS1404398389	64	64	32.3995123	-86.2546706	2022-04-25
URN:CornellLabOfOrnithology:EBIRD:OBS1418578814	64	64	32.309383	-86.181432	2022-04-13
URN:CornellLabOfOrnithology:EBIRD:OBS1381086441	64	64	32.3718558	-86.3137808	2022-04-02
URN:CornellLabOfOrnithology:EBIRD:OBS1411953264	64	64	32.310409	-86.101011	2022-04-23
URN:CornellLabOfOrnithology:EBIRD:OBS1398927977	64	64	32.3804326	-86.2308741	2022-04-21
URN:CornellLabOfOrnithology:EBIRD:OBS1403706956	64	64	32.3804326	-86.2308741	2022-04-25
URN:CornellLabOfOrnithology:EBIRD:OBS1386948673	64	64	32.3804326	-86.2308741	2022-04-09
URN:CornellLabOfOrnithology:EBIRD:OBS1401451074	64	64	32.3804326	-86.2308741	2022-04-23
URN:CornellLabOfOrnithology:EBIRD:OBS1380121707	64	64	32.3695524	-86.2294713	2022-04-01
URN:CornellLabOfOrnithology:EBIRD:OBS1383548240	64	64	32.3804326	-86.2308741	2022-04-04
URN:CornellLabOfOrnithology:EBIRD:OBS1380218683	64	64	32.3804326	-86.2308741	2022-04-01
URN:CornellLabOfOrnithology:EBIRD:OBS1383942789	64	64	32.3804326	-86.2308741	2022-04-05
URN:CornellLabOfOrnithology:EBIRD:OBS1395282701	64	64	32.176196	-86.352121	2022-04-17
URN:CornellLabOfOrnithology:EBIRD:OBS1391481793	64	64	32.3351544	-86.0373657	2022-04-13
URN:CornellLabOfOrnithology:EBIRD:OBS1386059163	64	64	32.3804326	-86.2308741	2022-04-08
URN:CornellLabOfOrnithology:EBIRD:OBS1392219821	64	64	32.352449	-86.284184	2022-04-14
URN:CornellLabOfOrnithology:EBIRD:OBS1386441125	64	64	32.3776781	-86.2292218	2022-04-08
URN:CornellLabOfOrnithology:EBIRD:OBS1408469183	64	64	32.3804326	-86.2308741	2022-04-29
URN:CornellLabOfOrnithology:EBIRD:OBS1393879176	64	64	32.331019	-86.154447	2022-04-16
URN:CornellLabOfOrnithology:EBIRD:OBS1401854259	64	64	32.310409	-86.101011	2022-04-23
URN:CornellLabOfOrnithology:EBIRD:OBS1401529662	64	64	32.3776781	-86.2292218	2022-04-22
URN:CornellLabOfOrnithology:EBIRD:OBS1380765124	64	64	32.3804326	-86.2308741	2022-04-02
URN:CornellLabOfOrnithology:EBIRD:OBS1406520255	64	64	32.3776781	-86.2292218	2022-04-27
URN:CornellLabOfOrnithology:EBIRD:OBS1397444649	64	64	32.3804326	-86.2308741	2022-04-19
URN:CornellLabOfOrnithology:EBIRD:OBS1409866378	64	64	32.37766	-86.3006008	2022-04-30
URN:CornellLabOfOrnithology:EBIRD:OBS1403311316	64	64	32.3776781	-86.2292218	2022-04-24
URN:CornellLabOfOrnithology:EBIRD:OBS1391493639	64	64	32.358282	-86.298174	2022-04-13
URN:CornellLabOfOrnithology:EBIRD:OBS1390984403	64	64	32.4151632	-86.2256974	2022-04-13
URN:CornellLabOfOrnithology:EBIRD:OBS1390487490	64	64	32.3804326	-86.2308741	2022-04-12
URN:CornellLabOfOrnithology:EBIRD:OBS1380640099	64	64	32.3804326	-86.2308741	2022-04-02
URN:CornellLabOfOrnithology:EBIRD:OBS1385180936	64	64	32.3804326	-86.2308741	2022-04-07
URN:CornellLabOfOrnithology:EBIRD:OBS1406112977	64	64	32.3776781	-86.2292218	2022-04-27
URN:CornellLabOfOrnithology:EBIRD:OBS1404407879	64	64	32.3776781	-86.2292218	2022-04-25
URN:CornellLabOfOrnithology:EBIRD:OBS1384495768	64	64	32.3804326	-86.2308741	2022-04-06
URN:CornellLabOfOrnithology:EBIRD:OBS1380997473	64	64	32.382671	-86.3078737	2022-04-02
URN:CornellLabOfOrnithology:EBIRD:OBS1402841343	64	64	32.3804326	-86.2308741	2022-04-24
URN:CornellLabOfOrnithology:EBIRD:OBS1393192251	64	64	32.349053	-86.16891	2022-04-15
URN:CornellLabOfOrnithology:EBIRD:OBS1392227685	64	64	32.352449	-86.284184	2022-04-14
URN:CornellLabOfOrnithology:EBIRD:OBS1414367169	64	64	32.1057265	-86.0246692	2022-04-28
URN:CornellLabOfOrnithology:EBIRD:OBS1395223927	64	64	32.331019	-86.154447	2022-04-17
URN:CornellLabOfOrnithology:EBIRD:OBS1388026258	64	64	32.3804326	-86.2308741	2022-04-10
URN:CornellLabOfOrnithology:EBIRD:OBS1391696795	64	64	32.3804326	-86.2308741	2022-04-14
URN:CornellLabOfOrnithology:EBIRD:OBS1418574200	64	64	32.309383	-86.181432	2022-04-04
URN:CornellLabOfOrnithology:EBIRD:OBS1398632901	64	64	32.3776781	-86.2292218	2022-04-20
URN:CornellLabOfOrnithology:EBIRD:OBS1410438773	64	64	32.3776781	-86.2292218	2022-04-30
URN:CornellLabOfOrnithology:EBIRD:OBS1406881799	64	64	32.3804326	-86.2308741	2022-04-28
URN:CornellLabOfOrnithology:EBIRD:OBS1391724350	64	64	32.3804326	-86.2308741	2022-04-14
URN:CornellLabOfOrnithology:EBIRD:OBS1396811404	64	64	32.3804326	-86.2308741	2022-04-18
URN:CornellLabOfOrnithology:EBIRD:OBS1399866643	64	64	32.2531502	-86.3512194	2022-04-22
URN:CornellLabOfOrnithology:EBIRD:OBS1405888541	64	64	32.3804326	-86.2308741	2022-04-27
URN:CornellLabOfOrnithology:EBIRD:OBS1386926687	64	64	32.3804326	-86.2308741	2022-04-09
URN:CornellLabOfOrnithology:EBIRD:OBS1386440287	64	64	32.3804326	-86.2308741	2022-04-08
URN:CornellLabOfOrnithology:EBIRD:OBS1402919680	64	64	32.3695524	-86.2294713	2022-04-24
URN:CornellLabOfOrnithology:EBIRD:OBS1406077908	65	65	32.3582845	-86.4544322	2022-04-26
URN:CornellLabOfOrnithology:EBIRD:OBS1407322581	65	65	32.369819	-86.180017	2022-04-13
URN:CornellLabOfOrnithology:EBIRD:OBS1405211508	65	65	32.3582845	-86.4544322	2022-04-26
URN:CornellLabOfOrnithology:EBIRD:OBS1406468046	65	65	32.3582845	-86.4544322	2022-04-27
URN:CornellLabOfOrnithology:EBIRD:OBS1397904050	66	66	32.376497	-86.143368	2022-04-20
URN:CornellLabOfOrnithology:EBIRD:OBS1408495346	67	67	32.176196	-86.352121	2022-04-29
URN:CornellLabOfOrnithology:EBIRD:OBS1390888937	68	68	32.401183	-86.222708	2022-04-13
URN:CornellLabOfOrnithology:EBIRD:OBS1387155373	68	68	32.4151632	-86.2256974	2022-04-09
URN:CornellLabOfOrnithology:EBIRD:OBS1381711311	68	68	32.369819	-86.180017	2022-04-03
URN:CornellLabOfOrnithology:EBIRD:OBS1399866632	68	68	32.2531502	-86.3512194	2022-04-22
URN:CornellLabOfOrnithology:EBIRD:OBS1387000455	68	68	32.350746	-86.211773	2022-04-09
URN:CornellLabOfOrnithology:EBIRD:OBS1390984411	68	68	32.4151632	-86.2256974	2022-04-13
URN:CornellLabOfOrnithology:EBIRD:OBS1391472812	69	69	32.3351544	-86.0373657	2022-04-13
URN:CornellLabOfOrnithology:EBIRD:OBS1399866630	69	69	32.2531502	-86.3512194	2022-04-22
URN:CornellLabOfOrnithology:EBIRD:OBS1381711313	70	70	32.369819	-86.180017	2022-04-03
URN:CornellLabOfOrnithology:EBIRD:OBS1381733613	70	70	32.369819	-86.180017	2022-04-03
URN:CornellLabOfOrnithology:EBIRD:OBS1380248610	70	70	32.369819	-86.180017	2022-04-01
URN:CornellLabOfOrnithology:EBIRD:OBS1387000447	71	71	32.350746	-86.211773	2022-04-09
URN:CornellLabOfOrnithology:EBIRD:OBS1399866655	72	72	32.2531502	-86.3512194	2022-04-22
URN:CornellLabOfOrnithology:EBIRD:OBS1398632899	72	72	32.3776781	-86.2292218	2022-04-20
URN:CornellLabOfOrnithology:EBIRD:OBS1402674633	72	72	32.3351544	-86.0373657	2022-04-23
URN:CornellLabOfOrnithology:EBIRD:OBS1392117832	73	73	32.351844	-86.018314	2022-04-14
URN:CornellLabOfOrnithology:EBIRD:OBS1398571079	74	74	32.0492756	-86.2220963	2022-04-19
URN:CornellLabOfOrnithology:EBIRD:OBS1403179261	74	74	32.0672807	-86.0581503	2022-04-24
URN:CornellLabOfOrnithology:EBIRD:OBS1401374882	75	75	32.369819	-86.180017	2022-04-23
URN:CornellLabOfOrnithology:EBIRD:OBS1394347125	75	75	32.338966	-86.161683	2022-04-16
URN:CornellLabOfOrnithology:EBIRD:OBS1406468041	75	75	32.3582845	-86.4544322	2022-04-27
URN:CornellLabOfOrnithology:EBIRD:OBS1401681202	75	75	32.369819	-86.180017	2022-04-23
URN:CornellLabOfOrnithology:EBIRD:OBS1405211510	75	75	32.3582845	-86.4544322	2022-04-26
URN:CornellLabOfOrnithology:EBIRD:OBS1390984413	75	75	32.4151632	-86.2256974	2022-04-13
URN:CornellLabOfOrnithology:EBIRD:OBS1381711318	75	75	32.369819	-86.180017	2022-04-03
URN:CornellLabOfOrnithology:EBIRD:OBS1404432743	75	75	32.3582845	-86.4544322	2022-04-25
URN:CornellLabOfOrnithology:EBIRD:OBS1392440581	76	76	32.054564	-86.219386	2022-04-11
URN:CornellLabOfOrnithology:EBIRD:OBS1387162518	76	76	32.4151632	-86.2256974	2022-04-09
URN:CornellLabOfOrnithology:EBIRD:OBS1381711315	76	76	32.369819	-86.180017	2022-04-03
URN:CornellLabOfOrnithology:EBIRD:OBS1406468044	77	77	32.3582845	-86.4544322	2022-04-27
URN:CornellLabOfOrnithology:EBIRD:OBS1405211507	77	77	32.3582845	-86.4544322	2022-04-26
URN:CornellLabOfOrnithology:EBIRD:OBS1404086122	78	78	32.340489	-86.183732	2022-04-25
URN:CornellLabOfOrnithology:EBIRD:OBS1396071439	78	78	32.340487	-86.183744	2022-04-18
URN:CornellLabOfOrnithology:EBIRD:OBS1390896706	78	78	32.34045	-86.183704	2022-04-13
URN:CornellLabOfOrnithology:EBIRD:OBS1404750870	78	78	32.340396	-86.183705	2022-04-26
URN:CornellLabOfOrnithology:EBIRD:OBS1401088239	78	78	32.340496	-86.183669	2022-04-23
URN:CornellLabOfOrnithology:EBIRD:OBS1380953818	78	78	32.340447	-86.183673	2022-04-02
URN:CornellLabOfOrnithology:EBIRD:OBS1394996015	78	78	32.340489	-86.183732	2022-04-17
URN:CornellLabOfOrnithology:EBIRD:OBS1384585249	78	78	32.34045	-86.183704	2022-04-06
URN:CornellLabOfOrnithology:EBIRD:OBS1389136289	78	78	32.340466	-86.183694	2022-04-11
URN:CornellLabOfOrnithology:EBIRD:OBS1390096248	78	78	32.34045	-86.183704	2022-04-12
URN:CornellLabOfOrnithology:EBIRD:OBS1392117830	79	79	32.351844	-86.018314	2022-04-14
URN:CornellLabOfOrnithology:EBIRD:OBS1387155376	79	79	32.4151632	-86.2256974	2022-04-09
URN:CornellLabOfOrnithology:EBIRD:OBS1397547247	79	79	32.350288	-86.0243332	2022-04-19
URN:CornellLabOfOrnithology:EBIRD:OBS1380051766	79	79	32.3401401	-86.1699557	2022-04-01
URN:CornellLabOfOrnithology:EBIRD:OBS1399866638	79	79	32.2531502	-86.3512194	2022-04-22
URN:CornellLabOfOrnithology:EBIRD:OBS1391481783	79	79	32.3351544	-86.0373657	2022-04-13
URN:CornellLabOfOrnithology:EBIRD:OBS1418574194	79	79	32.309383	-86.181432	2022-04-04
URN:CornellLabOfOrnithology:EBIRD:OBS1392103439	79	79	32.350288	-86.0243332	2022-04-14
URN:CornellLabOfOrnithology:EBIRD:OBS1402640681	79	79	32.3351544	-86.0373657	2022-04-23
URN:CornellLabOfOrnithology:EBIRD:OBS1381711320	80	80	32.369819	-86.180017	2022-04-03
URN:CornellLabOfOrnithology:EBIRD:OBS1405211517	80	80	32.3582845	-86.4544322	2022-04-26
URN:CornellLabOfOrnithology:EBIRD:OBS1404432727	80	80	32.3582845	-86.4544322	2022-04-25
URN:CornellLabOfOrnithology:EBIRD:OBS1402503260	80	80	32.369819	-86.180017	2022-04-24
URN:CornellLabOfOrnithology:EBIRD:OBS1406077919	80	80	32.3582845	-86.4544322	2022-04-26
URN:CornellLabOfOrnithology:EBIRD:OBS1381733615	80	80	32.369819	-86.180017	2022-04-03
URN:CornellLabOfOrnithology:EBIRD:OBS1386441109	80	80	32.3776781	-86.2292218	2022-04-06
URN:CornellLabOfOrnithology:EBIRD:OBS1406468036	80	80	32.3582845	-86.4544322	2022-04-27
URN:CornellLabOfOrnithology:EBIRD:OBS1390928877	80	80	32.401004	-86.225994	2022-04-13
URN:CornellLabOfOrnithology:EBIRD:OBS1404398390	80	80	32.3995123	-86.2546706	2022-04-25
URN:CornellLabOfOrnithology:EBIRD:OBS1399219267	80	80	32.3776781	-86.2292218	2022-04-21
URN:CornellLabOfOrnithology:EBIRD:OBS1404096026	80	80	32.340489	-86.183732	2022-04-25
URN:CornellLabOfOrnithology:EBIRD:OBS1388107987	80	80	32.340487	-86.183744	2022-04-10
URN:CornellLabOfOrnithology:EBIRD:OBS1401374880	80	80	32.369819	-86.180017	2022-04-23
URN:CornellLabOfOrnithology:EBIRD:OBS1390896709	80	80	32.34045	-86.183704	2022-04-13
URN:CornellLabOfOrnithology:EBIRD:OBS1405888542	80	80	32.3804326	-86.2308741	2022-04-27
URN:CornellLabOfOrnithology:EBIRD:OBS1389982981	80	80	32.3804326	-86.2308741	2022-04-12
URN:CornellLabOfOrnithology:EBIRD:OBS1410457775	80	80	32.3776781	-86.2292218	2022-04-29
URN:CornellLabOfOrnithology:EBIRD:OBS1380248591	80	80	32.369819	-86.180017	2022-04-01
URN:CornellLabOfOrnithology:EBIRD:OBS1380928713	80	80	32.34045	-86.183688	2022-04-02
URN:CornellLabOfOrnithology:EBIRD:OBS1384585247	80	80	32.34045	-86.183704	2022-04-06
URN:CornellLabOfOrnithology:EBIRD:OBS1390984409	80	80	32.4151632	-86.2256974	2022-04-13
URN:CornellLabOfOrnithology:EBIRD:OBS1408435537	80	80	32.399881	-86.33569	2022-04-29
URN:CornellLabOfOrnithology:EBIRD:OBS1406520248	80	80	32.3776781	-86.2292218	2022-04-27
URN:CornellLabOfOrnithology:EBIRD:OBS1401681200	80	80	32.369819	-86.180017	2022-04-23
URN:CornellLabOfOrnithology:EBIRD:OBS1401088245	80	80	32.340496	-86.183669	2022-04-23
URN:CornellLabOfOrnithology:EBIRD:OBS1403311317	80	80	32.3776781	-86.2292218	2022-04-24
URN:CornellLabOfOrnithology:EBIRD:OBS1390003068	80	80	32.34045	-86.183704	2022-04-12
URN:CornellLabOfOrnithology:EBIRD:OBS1398570345	80	80	32.0492756	-86.2220963	2022-04-19
URN:CornellLabOfOrnithology:EBIRD:OBS1402479219	80	80	32.3776781	-86.2292218	2022-04-23
URN:CornellLabOfOrnithology:EBIRD:OBS1392227674	80	80	32.3404	-86.183679	2022-04-14
URN:CornellLabOfOrnithology:EBIRD:OBS1406112976	80	80	32.3776781	-86.2292218	2022-04-27
URN:CornellLabOfOrnithology:EBIRD:OBS1389136286	80	80	32.340466	-86.183694	2022-04-11
URN:CornellLabOfOrnithology:EBIRD:OBS1397643930	80	80	32.3776781	-86.2292218	2022-04-18
URN:CornellLabOfOrnithology:EBIRD:OBS1407322573	81	81	32.369819	-86.180017	2022-04-13
URN:CornellLabOfOrnithology:EBIRD:OBS1381711325	81	81	32.369819	-86.180017	2022-04-03
URN:CornellLabOfOrnithology:EBIRD:OBS1401374897	81	81	32.369819	-86.180017	2022-04-23
URN:CornellLabOfOrnithology:EBIRD:OBS1401681217	81	81	32.369819	-86.180017	2022-04-23
URN:CornellLabOfOrnithology:EBIRD:OBS1387162519	81	81	32.4151632	-86.2256974	2022-04-09
URN:CornellLabOfOrnithology:EBIRD:OBS1406468050	81	81	32.3582845	-86.4544322	2022-04-27
URN:CornellLabOfOrnithology:EBIRD:OBS1402503262	81	81	32.369819	-86.180017	2022-04-24
URN:CornellLabOfOrnithology:EBIRD:OBS1381711308	82	82	32.369819	-86.180017	2022-04-03
URN:CornellLabOfOrnithology:EBIRD:OBS1402503263	82	82	32.369819	-86.180017	2022-04-24
URN:CornellLabOfOrnithology:EBIRD:OBS1396497204	82	82	32.376497	-86.143368	2022-04-18
URN:CornellLabOfOrnithology:EBIRD:OBS1409866381	82	82	32.37766	-86.3006008	2022-04-30
URN:CornellLabOfOrnithology:EBIRD:OBS1390215454	83	83	32.356927	-86.216722	2022-04-12
URN:CornellLabOfOrnithology:EBIRD:OBS1402503254	83	83	32.369819	-86.180017	2022-04-24
URN:CornellLabOfOrnithology:EBIRD:OBS1390817962	83	83	32.389064	-86.210937	2022-04-13
URN:CornellLabOfOrnithology:EBIRD:OBS1401681206	83	83	32.369819	-86.180017	2022-04-23
URN:CornellLabOfOrnithology:EBIRD:OBS1401374886	83	83	32.369819	-86.180017	2022-04-23
URN:CornellLabOfOrnithology:EBIRD:OBS1408495336	83	83	32.176196	-86.352121	2022-04-29
URN:CornellLabOfOrnithology:EBIRD:OBS1409848823	83	83	32.37766	-86.3006008	2022-04-30
URN:CornellLabOfOrnithology:EBIRD:OBS1402503255	84	84	32.369819	-86.180017	2022-04-24
URN:CornellLabOfOrnithology:EBIRD:OBS1396040665	84	84	32.3660184	-86.1079855	2022-04-17
URN:CornellLabOfOrnithology:EBIRD:OBS1396661585	84	84	32.3718558	-86.3137808	2022-04-18
URN:CornellLabOfOrnithology:EBIRD:OBS1408435536	84	84	32.399881	-86.33569	2022-04-29
URN:CornellLabOfOrnithology:EBIRD:OBS1392219822	84	84	32.352449	-86.284184	2022-04-14
URN:CornellLabOfOrnithology:EBIRD:OBS1390817963	84	84	32.389064	-86.210937	2022-04-13
URN:CornellLabOfOrnithology:EBIRD:OBS1395173228	84	84	32.369913	-86.048405	2022-04-17
URN:CornellLabOfOrnithology:EBIRD:OBS1405851369	84	84	32.3776781	-86.2292218	2022-04-26
URN:CornellLabOfOrnithology:EBIRD:OBS1400994995	84	84	32.4092522	-86.346534	2022-04-23
URN:CornellLabOfOrnithology:EBIRD:OBS1391135715	84	84	32.165422	-86.271278	2022-04-13
URN:CornellLabOfOrnithology:EBIRD:OBS1392086014	85	85	32.3362785	-86.0345364	2022-04-14
URN:CornellLabOfOrnithology:EBIRD:OBS1390817964	85	85	32.389064	-86.210937	2022-04-13
URN:CornellLabOfOrnithology:EBIRD:OBS1399866639	85	85	32.2531502	-86.3512194	2022-04-22
URN:CornellLabOfOrnithology:EBIRD:OBS1395326170	85	85	32.345618	-86.03291	2022-04-17
URN:CornellLabOfOrnithology:EBIRD:OBS1387105168	85	85	32.3804326	-86.2308741	2022-04-09
URN:CornellLabOfOrnithology:EBIRD:OBS1391481788	85	85	32.3351544	-86.0373657	2022-04-13
URN:CornellLabOfOrnithology:EBIRD:OBS1418578820	85	85	32.309383	-86.181432	2022-04-13
URN:CornellLabOfOrnithology:EBIRD:OBS1383562503	85	85	32.3804326	-86.2308741	2022-04-05
URN:CornellLabOfOrnithology:EBIRD:OBS1402674639	85	85	32.3351544	-86.0373657	2022-04-23
URN:CornellLabOfOrnithology:EBIRD:OBS1386948681	85	85	32.3804326	-86.2308741	2022-04-09
URN:CornellLabOfOrnithology:EBIRD:OBS1381896883	85	85	32.3804326	-86.2308741	2022-04-03
URN:CornellLabOfOrnithology:EBIRD:OBS1389433495	85	85	32.3804326	-86.2308741	2022-04-11
URN:CornellLabOfOrnithology:EBIRD:OBS1408495343	85	85	32.176196	-86.352121	2022-04-29
URN:CornellLabOfOrnithology:EBIRD:OBS1380218681	85	85	32.3804326	-86.2308741	2022-04-01
URN:CornellLabOfOrnithology:EBIRD:OBS1418574197	85	85	32.309383	-86.181432	2022-04-04
URN:CornellLabOfOrnithology:EBIRD:OBS1385626218	85	85	32.3804326	-86.2308741	2022-04-07
URN:CornellLabOfOrnithology:EBIRD:OBS1380248594	85	85	32.369819	-86.180017	2022-04-01
URN:CornellLabOfOrnithology:EBIRD:OBS1380640105	85	85	32.3804326	-86.2308741	2022-04-02
URN:CornellLabOfOrnithology:EBIRD:OBS1381711310	85	85	32.369819	-86.180017	2022-04-03
URN:CornellLabOfOrnithology:EBIRD:OBS1390984423	85	85	32.4151632	-86.2256974	2022-04-13
URN:CornellLabOfOrnithology:EBIRD:OBS1381834705	85	85	32.3804326	-86.2308741	2022-04-03
URN:CornellLabOfOrnithology:EBIRD:OBS1384495767	85	85	32.3804326	-86.2308741	2022-04-06
URN:CornellLabOfOrnithology:EBIRD:OBS1383942786	85	85	32.3804326	-86.2308741	2022-04-05
URN:CornellLabOfOrnithology:EBIRD:OBS1386440284	85	85	32.3804326	-86.2308741	2022-04-08
URN:CornellLabOfOrnithology:EBIRD:OBS1399219263	86	86	32.3776781	-86.2292218	2022-04-21
URN:CornellLabOfOrnithology:EBIRD:OBS1396084288	86	86	32.34045	-86.183704	2022-04-18
URN:CornellLabOfOrnithology:EBIRD:OBS1400197840	86	86	32.396933	-86.250618	2022-04-22
URN:CornellLabOfOrnithology:EBIRD:OBS1398632910	86	86	32.3776781	-86.2292218	2022-04-17
URN:CornellLabOfOrnithology:EBIRD:OBS1402479220	86	86	32.3776781	-86.2292218	2022-04-23
URN:CornellLabOfOrnithology:EBIRD:OBS1398622201	86	86	32.3776781	-86.2292218	2022-04-18
URN:CornellLabOfOrnithology:EBIRD:OBS1398570337	86	86	32.0492756	-86.2220963	2022-04-19
URN:CornellLabOfOrnithology:EBIRD:OBS1394911498	86	86	32.340496	-86.183669	2022-04-17
URN:CornellLabOfOrnithology:EBIRD:OBS1399504905	86	86	32.3776781	-86.2292218	2022-04-21
URN:CornellLabOfOrnithology:EBIRD:OBS1393753533	86	86	32.376497	-86.143368	2022-04-16
URN:CornellLabOfOrnithology:EBIRD:OBS1397643931	86	86	32.3776781	-86.2292218	2022-04-18
URN:CornellLabOfOrnithology:EBIRD:OBS1380765121	87	87	32.3804326	-86.2308741	2022-04-02
URN:CornellLabOfOrnithology:EBIRD:OBS1406077911	87	87	32.3582845	-86.4544322	2022-04-26
URN:CornellLabOfOrnithology:EBIRD:OBS1418578816	87	87	32.309383	-86.181432	2022-04-13
URN:CornellLabOfOrnithology:EBIRD:OBS1380928708	87	87	32.34045	-86.183688	2022-04-02
URN:CornellLabOfOrnithology:EBIRD:OBS1401454977	87	87	32.3804326	-86.2308741	2022-04-23
URN:CornellLabOfOrnithology:EBIRD:OBS1418574192	87	87	32.309383	-86.181432	2022-04-04
URN:CornellLabOfOrnithology:EBIRD:OBS1401681216	88	88	32.369819	-86.180017	2022-04-23
URN:CornellLabOfOrnithology:EBIRD:OBS1401374896	88	88	32.369819	-86.180017	2022-04-23
URN:CornellLabOfOrnithology:EBIRD:OBS1380248612	88	88	32.369819	-86.180017	2022-04-01
URN:CornellLabOfOrnithology:EBIRD:OBS1381711309	88	88	32.369819	-86.180017	2022-04-03
URN:CornellLabOfOrnithology:EBIRD:OBS1381733614	88	88	32.369819	-86.180017	2022-04-03
URN:CornellLabOfOrnithology:EBIRD:OBS1399866631	89	89	32.2531502	-86.3512194	2022-04-22
URN:CornellLabOfOrnithology:EBIRD:OBS1397904051	90	90	32.376497	-86.143368	2022-04-20
URN:CornellLabOfOrnithology:EBIRD:OBS1406077916	90	90	32.3582845	-86.4544322	2022-04-26
URN:CornellLabOfOrnithology:EBIRD:OBS1408495330	91	91	32.176196	-86.352121	2022-04-29
URN:CornellLabOfOrnithology:EBIRD:OBS1395282700	92	92	32.176196	-86.352121	2022-04-17
URN:CornellLabOfOrnithology:EBIRD:OBS1390984419	93	93	32.4151632	-86.2256974	2022-04-13
URN:CornellLabOfOrnithology:EBIRD:OBS1404432736	93	93	32.3582845	-86.4544322	2022-04-25
URN:CornellLabOfOrnithology:EBIRD:OBS1403278812	93	93	32.3776781	-86.2292218	2022-04-24
URN:CornellLabOfOrnithology:EBIRD:OBS1409848825	93	93	32.37766	-86.3006008	2022-04-30
URN:CornellLabOfOrnithology:EBIRD:OBS1401529661	93	93	32.3776781	-86.2292218	2022-04-22
URN:CornellLabOfOrnithology:EBIRD:OBS1405211512	93	93	32.3582845	-86.4544322	2022-04-26
URN:CornellLabOfOrnithology:EBIRD:OBS1401374898	93	93	32.369819	-86.180017	2022-04-23
URN:CornellLabOfOrnithology:EBIRD:OBS1402503266	93	93	32.369819	-86.180017	2022-04-24
URN:CornellLabOfOrnithology:EBIRD:OBS1406077914	93	93	32.3582845	-86.4544322	2022-04-26
URN:CornellLabOfOrnithology:EBIRD:OBS1405810310	93	93	32.340487	-86.183744	2022-04-27
URN:CornellLabOfOrnithology:EBIRD:OBS1406468048	93	93	32.3582845	-86.4544322	2022-04-27
URN:CornellLabOfOrnithology:EBIRD:OBS1401681218	93	93	32.369819	-86.180017	2022-04-23
URN:CornellLabOfOrnithology:EBIRD:OBS1403179262	94	94	32.0672807	-86.0581503	2022-04-24
URN:CornellLabOfOrnithology:EBIRD:OBS1404432729	94	94	32.3582845	-86.4544322	2022-04-25
URN:CornellLabOfOrnithology:EBIRD:OBS1408424797	94	94	32.399881	-86.33569	2022-04-29
URN:CornellLabOfOrnithology:EBIRD:OBS1390888933	95	95	32.401183	-86.222708	2022-04-13
URN:CornellLabOfOrnithology:EBIRD:OBS1401374883	95	95	32.369819	-86.180017	2022-04-23
URN:CornellLabOfOrnithology:EBIRD:OBS1380218682	95	95	32.3804326	-86.2308741	2022-04-01
URN:CornellLabOfOrnithology:EBIRD:OBS1381711324	95	95	32.369819	-86.180017	2022-04-03
URN:CornellLabOfOrnithology:EBIRD:OBS1399219265	95	95	32.3776781	-86.2292218	2022-04-21
URN:CornellLabOfOrnithology:EBIRD:OBS1401681203	95	95	32.369819	-86.180017	2022-04-23
URN:CornellLabOfOrnithology:EBIRD:OBS1392421375	95	95	32.054564	-86.219386	2022-04-13
URN:CornellLabOfOrnithology:EBIRD:OBS1406077903	95	95	32.3582845	-86.4544322	2022-04-26
URN:CornellLabOfOrnithology:EBIRD:OBS1390984407	95	95	32.4151632	-86.2256974	2022-04-13
URN:CornellLabOfOrnithology:EBIRD:OBS1398570346	95	95	32.0492756	-86.2220963	2022-04-19
URN:CornellLabOfOrnithology:EBIRD:OBS1386948677	95	95	32.3804326	-86.2308741	2022-04-09
URN:CornellLabOfOrnithology:EBIRD:OBS1405211509	95	95	32.3582845	-86.4544322	2022-04-26
URN:CornellLabOfOrnithology:EBIRD:OBS1406112973	95	95	32.3776781	-86.2292218	2022-04-27
URN:CornellLabOfOrnithology:EBIRD:OBS1406520256	95	95	32.3776781	-86.2292218	2022-04-27
URN:CornellLabOfOrnithology:EBIRD:OBS1399968943	95	95	32.3804326	-86.2308741	2022-04-22
URN:CornellLabOfOrnithology:EBIRD:OBS1410438770	95	95	32.3776781	-86.2292218	2022-04-30
URN:CornellLabOfOrnithology:EBIRD:OBS1407322578	95	95	32.369819	-86.180017	2022-04-13
URN:CornellLabOfOrnithology:EBIRD:OBS1404407883	95	95	32.3776781	-86.2292218	2022-04-25
URN:CornellLabOfOrnithology:EBIRD:OBS1392634229	95	95	32.3804326	-86.2308741	2022-04-15
URN:CornellLabOfOrnithology:EBIRD:OBS1408495331	95	95	32.176196	-86.352121	2022-04-29
URN:CornellLabOfOrnithology:EBIRD:OBS1405851371	95	95	32.3776781	-86.2292218	2022-04-26
URN:CornellLabOfOrnithology:EBIRD:OBS1397985465	95	95	32.3804326	-86.2308741	2022-04-20
URN:CornellLabOfOrnithology:EBIRD:OBS1397640870	95	95	32.3776781	-86.2292218	2022-04-12
URN:CornellLabOfOrnithology:EBIRD:OBS1402503253	95	95	32.369819	-86.180017	2022-04-24
URN:CornellLabOfOrnithology:EBIRD:OBS1395282697	95	95	32.176196	-86.352121	2022-04-17
URN:CornellLabOfOrnithology:EBIRD:OBS1383942788	95	95	32.3804326	-86.2308741	2022-04-05
URN:CornellLabOfOrnithology:EBIRD:OBS1380248605	95	95	32.369819	-86.180017	2022-04-01
URN:CornellLabOfOrnithology:EBIRD:OBS1384435983	95	95	32.3804326	-86.2308741	2022-04-06
URN:CornellLabOfOrnithology:EBIRD:OBS1408442580	96	96	32.250885	-86.367421	2022-04-29
URN:CornellLabOfOrnithology:EBIRD:OBS1401374889	96	96	32.369819	-86.180017	2022-04-23
URN:CornellLabOfOrnithology:EBIRD:OBS1392219826	96	96	32.352449	-86.284184	2022-04-14
URN:CornellLabOfOrnithology:EBIRD:OBS1411953255	96	96	32.310409	-86.101011	2022-04-23
URN:CornellLabOfOrnithology:EBIRD:OBS1405851372	96	96	32.3776781	-86.2292218	2022-04-26
URN:CornellLabOfOrnithology:EBIRD:OBS1390984402	96	96	32.4151632	-86.2256974	2022-04-13
URN:CornellLabOfOrnithology:EBIRD:OBS1393035087	96	96	32.266502	-86.354915	2022-04-15
URN:CornellLabOfOrnithology:EBIRD:OBS1401681209	96	96	32.369819	-86.180017	2022-04-23
URN:CornellLabOfOrnithology:EBIRD:OBS1401854264	96	96	32.310409	-86.101011	2022-04-23
URN:CornellLabOfOrnithology:EBIRD:OBS1402841345	96	96	32.3804326	-86.2308741	2022-04-24
URN:CornellLabOfOrnithology:EBIRD:OBS1401854250	96	96	32.310409	-86.101011	2022-04-23
URN:CornellLabOfOrnithology:EBIRD:OBS1402503265	96	96	32.369819	-86.180017	2022-04-24
URN:CornellLabOfOrnithology:EBIRD:OBS1392117836	96	96	32.351844	-86.018314	2022-04-14
URN:CornellLabOfOrnithology:EBIRD:OBS1399866644	96	96	32.2531502	-86.3512194	2022-04-22
URN:CornellLabOfOrnithology:EBIRD:OBS1399865121	96	96	32.213622	-86.404974	2022-04-22
URN:CornellLabOfOrnithology:EBIRD:OBS1402674630	96	96	32.3351544	-86.0373657	2022-04-23
URN:CornellLabOfOrnithology:EBIRD:OBS1406112979	96	96	32.3776781	-86.2292218	2022-04-27
URN:CornellLabOfOrnithology:EBIRD:OBS1407322577	96	96	32.369819	-86.180017	2022-04-13
URN:CornellLabOfOrnithology:EBIRD:OBS1418574204	96	96	32.309383	-86.181432	2022-04-04
URN:CornellLabOfOrnithology:EBIRD:OBS1390888939	97	97	32.401183	-86.222708	2022-04-13
URN:CornellLabOfOrnithology:EBIRD:OBS1401681204	98	98	32.369819	-86.180017	2022-04-23
URN:CornellLabOfOrnithology:EBIRD:OBS1392440605	98	98	32.054564	-86.219386	2022-04-13
URN:CornellLabOfOrnithology:EBIRD:OBS1380997472	98	98	32.382671	-86.3078737	2022-04-02
URN:CornellLabOfOrnithology:EBIRD:OBS1381711323	98	98	32.369819	-86.180017	2022-04-03
URN:CornellLabOfOrnithology:EBIRD:OBS1398570342	98	98	32.0492756	-86.2220963	2022-04-19
URN:CornellLabOfOrnithology:EBIRD:OBS1402503248	98	98	32.369819	-86.180017	2022-04-24
URN:CornellLabOfOrnithology:EBIRD:OBS1380248613	98	98	32.369819	-86.180017	2022-04-01
URN:CornellLabOfOrnithology:EBIRD:OBS1401374884	98	98	32.369819	-86.180017	2022-04-23
URN:CornellLabOfOrnithology:EBIRD:OBS1381711327	99	99	32.369819	-86.180017	2022-04-03
URN:CornellLabOfOrnithology:EBIRD:OBS1386441113	99	99	32.3776781	-86.2292218	2022-04-06
URN:CornellLabOfOrnithology:EBIRD:OBS1383562501	99	99	32.3804326	-86.2308741	2022-04-05
URN:CornellLabOfOrnithology:EBIRD:OBS1397648443	99	99	32.3776781	-86.2292218	2022-04-12
URN:CornellLabOfOrnithology:EBIRD:OBS1387105170	99	99	32.3804326	-86.2308741	2022-04-09
URN:CornellLabOfOrnithology:EBIRD:OBS1398632902	99	99	32.3776781	-86.2292218	2022-04-20
URN:CornellLabOfOrnithology:EBIRD:OBS1389982984	99	99	32.3804326	-86.2308741	2022-04-12
URN:CornellLabOfOrnithology:EBIRD:OBS1386441126	99	99	32.3776781	-86.2292218	2022-04-08
URN:CornellLabOfOrnithology:EBIRD:OBS1380248601	99	99	32.369819	-86.180017	2022-04-01
URN:CornellLabOfOrnithology:EBIRD:OBS1385626222	100	100	32.3804326	-86.2308741	2022-04-07
URN:CornellLabOfOrnithology:EBIRD:OBS1389433492	100	100	32.3804326	-86.2308741	2022-04-11
URN:CornellLabOfOrnithology:EBIRD:OBS1385180937	100	100	32.3804326	-86.2308741	2022-04-07
URN:CornellLabOfOrnithology:EBIRD:OBS1389982985	100	100	32.3804326	-86.2308741	2022-04-12
URN:CornellLabOfOrnithology:EBIRD:OBS1380640103	100	100	32.3804326	-86.2308741	2022-04-02
URN:CornellLabOfOrnithology:EBIRD:OBS1407893995	100	100	32.3776781	-86.2292218	2022-04-28
URN:CornellLabOfOrnithology:EBIRD:OBS1388042682	100	100	32.3804326	-86.2308741	2022-04-10
URN:CornellLabOfOrnithology:EBIRD:OBS1397886068	100	100	32.3466126	-86.267211	2022-04-20
URN:CornellLabOfOrnithology:EBIRD:OBS1383942785	100	100	32.3804326	-86.2308741	2022-04-05
URN:CornellLabOfOrnithology:EBIRD:OBS1405888538	100	100	32.3804326	-86.2308741	2022-04-27
URN:CornellLabOfOrnithology:EBIRD:OBS1386441117	100	100	32.3776781	-86.2292218	2022-04-06
URN:CornellLabOfOrnithology:EBIRD:OBS1406881800	100	100	32.3804326	-86.2308741	2022-04-28
URN:CornellLabOfOrnithology:EBIRD:OBS1406520258	100	100	32.3776781	-86.2292218	2022-04-27
URN:CornellLabOfOrnithology:EBIRD:OBS1389148052	100	100	32.3804326	-86.2308741	2022-04-11
URN:CornellLabOfOrnithology:EBIRD:OBS1385234906	100	100	32.3804326	-86.2308741	2022-04-07
URN:CornellLabOfOrnithology:EBIRD:OBS1409255201	100	100	32.3804326	-86.2308741	2022-04-30
URN:CornellLabOfOrnithology:EBIRD:OBS1384495770	100	100	32.3804326	-86.2308741	2022-04-06
URN:CornellLabOfOrnithology:EBIRD:OBS1396158608	100	100	32.3804326	-86.2308741	2022-04-18
URN:CornellLabOfOrnithology:EBIRD:OBS1386428571	100	100	32.3776781	-86.2292218	2022-04-08
URN:CornellLabOfOrnithology:EBIRD:OBS1386059161	100	100	32.3804326	-86.2308741	2022-04-08
URN:CornellLabOfOrnithology:EBIRD:OBS1397640871	100	100	32.3776781	-86.2292218	2022-04-12
URN:CornellLabOfOrnithology:EBIRD:OBS1403735360	100	100	32.3804326	-86.2308741	2022-04-25
URN:CornellLabOfOrnithology:EBIRD:OBS1392227690	100	100	32.352449	-86.284184	2022-04-14
URN:CornellLabOfOrnithology:EBIRD:OBS1401102110	100	100	32.3804326	-86.2308741	2022-04-23
URN:CornellLabOfOrnithology:EBIRD:OBS1397643932	100	100	32.3776781	-86.2292218	2022-04-18
URN:CornellLabOfOrnithology:EBIRD:OBS1410438769	100	100	32.3776781	-86.2292218	2022-04-30
URN:CornellLabOfOrnithology:EBIRD:OBS1387105174	100	100	32.3804326	-86.2308741	2022-04-09
URN:CornellLabOfOrnithology:EBIRD:OBS1404820612	100	100	32.3804326	-86.2308741	2022-04-26
URN:CornellLabOfOrnithology:EBIRD:OBS1408134933	100	100	32.3804326	-86.2308741	2022-04-29
URN:CornellLabOfOrnithology:EBIRD:OBS1406979101	100	100	32.3804326	-86.2308741	2022-04-28
URN:CornellLabOfOrnithology:EBIRD:OBS1392634227	100	100	32.3804326	-86.2308741	2022-04-15
URN:CornellLabOfOrnithology:EBIRD:OBS1390487494	100	100	32.3804326	-86.2308741	2022-04-12
URN:CornellLabOfOrnithology:EBIRD:OBS1390965508	100	100	32.3804326	-86.2308741	2022-04-13
URN:CornellLabOfOrnithology:EBIRD:OBS1405942674	100	100	32.3804326	-86.2308741	2022-04-27
URN:CornellLabOfOrnithology:EBIRD:OBS1404407882	100	100	32.3776781	-86.2292218	2022-04-25
URN:CornellLabOfOrnithology:EBIRD:OBS1383562497	100	100	32.3804326	-86.2308741	2022-04-05
URN:CornellLabOfOrnithology:EBIRD:OBS1402969886	100	100	32.3804326	-86.2308741	2022-04-23
URN:CornellLabOfOrnithology:EBIRD:OBS1408469179	100	100	32.3804326	-86.2308741	2022-04-29
URN:CornellLabOfOrnithology:EBIRD:OBS1383040717	100	100	32.3804326	-86.2308741	2022-04-04
URN:CornellLabOfOrnithology:EBIRD:OBS1401529660	100	100	32.3776781	-86.2292218	2022-04-22
URN:CornellLabOfOrnithology:EBIRD:OBS1391724354	100	100	32.3804326	-86.2308741	2022-04-14
URN:CornellLabOfOrnithology:EBIRD:OBS1397559624	100	100	32.3466126	-86.267211	2022-04-19
URN:CornellLabOfOrnithology:EBIRD:OBS1406112975	100	100	32.3776781	-86.2292218	2022-04-27
URN:CornellLabOfOrnithology:EBIRD:OBS1392163705	100	100	32.3718558	-86.3137808	2022-04-14
URN:CornellLabOfOrnithology:EBIRD:OBS1389939264	100	100	32.3804326	-86.2308741	2022-04-12
URN:CornellLabOfOrnithology:EBIRD:OBS1388026257	100	100	32.3804326	-86.2308741	2022-04-10
URN:CornellLabOfOrnithology:EBIRD:OBS1399504908	100	100	32.3776781	-86.2292218	2022-04-21
URN:CornellLabOfOrnithology:EBIRD:OBS1391696796	100	100	32.3804326	-86.2308741	2022-04-14
URN:CornellLabOfOrnithology:EBIRD:OBS1397270881	100	100	32.3804326	-86.2308741	2022-04-19
URN:CornellLabOfOrnithology:EBIRD:OBS1384435981	100	100	32.3804326	-86.2308741	2022-04-06
URN:CornellLabOfOrnithology:EBIRD:OBS1396811402	100	100	32.3804326	-86.2308741	2022-04-18
URN:CornellLabOfOrnithology:EBIRD:OBS1399219268	100	100	32.3776781	-86.2292218	2022-04-21
URN:CornellLabOfOrnithology:EBIRD:OBS1395282693	100	100	32.176196	-86.352121	2022-04-17
URN:CornellLabOfOrnithology:EBIRD:OBS1397985468	100	100	32.3804326	-86.2308741	2022-04-20
URN:CornellLabOfOrnithology:EBIRD:OBS1380218678	100	100	32.3804326	-86.2308741	2022-04-01
URN:CornellLabOfOrnithology:EBIRD:OBS1402479221	100	100	32.3776781	-86.2292218	2022-04-23
URN:CornellLabOfOrnithology:EBIRD:OBS1405851365	100	100	32.3776781	-86.2292218	2022-04-26
URN:CornellLabOfOrnithology:EBIRD:OBS1399431877	100	100	32.3804326	-86.2308741	2022-04-21
URN:CornellLabOfOrnithology:EBIRD:OBS1386948682	100	100	32.3804326	-86.2308741	2022-04-09
URN:CornellLabOfOrnithology:EBIRD:OBS1392086015	101	101	32.3362785	-86.0345364	2022-04-14
URN:CornellLabOfOrnithology:EBIRD:OBS1386285800	102	102	32.166742	-86.062324	2022-04-08
URN:CornellLabOfOrnithology:EBIRD:OBS1380605934	102	102	32.133615	-86.380937	2022-04-02
URN:CornellLabOfOrnithology:EBIRD:OBS1392441181	102	102	32.054564	-86.219386	2022-04-11
URN:CornellLabOfOrnithology:EBIRD:OBS1404410923	103	103	32.3995123	-86.2546706	2022-04-25
URN:CornellLabOfOrnithology:EBIRD:OBS1406520254	104	104	32.3776781	-86.2292218	2022-04-27
URN:CornellLabOfOrnithology:EBIRD:OBS1408134934	104	104	32.3804326	-86.2308741	2022-04-29
URN:CornellLabOfOrnithology:EBIRD:OBS1392440608	104	104	32.054564	-86.219386	2022-04-13
URN:CornellLabOfOrnithology:EBIRD:OBS1380248598	104	104	32.369819	-86.180017	2022-04-01
URN:CornellLabOfOrnithology:EBIRD:OBS1380605936	104	104	32.133615	-86.380937	2022-04-02
URN:CornellLabOfOrnithology:EBIRD:OBS1387367718	105	105	32.350288	-86.0243332	2022-04-09
URN:CornellLabOfOrnithology:EBIRD:OBS1392103442	105	105	32.350288	-86.0243332	2022-04-14
URN:CornellLabOfOrnithology:EBIRD:OBS1397547248	105	105	32.350288	-86.0243332	2022-04-19
URN:CornellLabOfOrnithology:EBIRD:OBS1395326167	105	105	32.345618	-86.03291	2022-04-17
URN:CornellLabOfOrnithology:EBIRD:OBS1402674631	106	106	32.3351544	-86.0373657	2022-04-23
URN:CornellLabOfOrnithology:EBIRD:OBS1390888938	106	106	32.401183	-86.222708	2022-04-13
URN:CornellLabOfOrnithology:EBIRD:OBS1392219824	106	106	32.352449	-86.284184	2022-04-14
URN:CornellLabOfOrnithology:EBIRD:OBS1403305267	106	106	32.3776781	-86.2292218	2022-04-24
URN:CornellLabOfOrnithology:EBIRD:OBS1397648446	106	106	32.3776781	-86.2292218	2022-04-12
URN:CornellLabOfOrnithology:EBIRD:OBS1381896887	106	106	32.3804326	-86.2308741	2022-04-03
URN:CornellLabOfOrnithology:EBIRD:OBS1392227688	106	106	32.352449	-86.284184	2022-04-14
URN:CornellLabOfOrnithology:EBIRD:OBS1391481785	106	106	32.3351544	-86.0373657	2022-04-13
URN:CornellLabOfOrnithology:EBIRD:OBS1386441112	106	106	32.3776781	-86.2292218	2022-04-06
URN:CornellLabOfOrnithology:EBIRD:OBS1380248596	106	106	32.369819	-86.180017	2022-04-01
URN:CornellLabOfOrnithology:EBIRD:OBS1405851374	106	106	32.3776781	-86.2292218	2022-04-26
URN:CornellLabOfOrnithology:EBIRD:OBS1390984425	106	106	32.4151632	-86.2256974	2022-04-13
URN:CornellLabOfOrnithology:EBIRD:OBS1406520257	106	106	32.3776781	-86.2292218	2022-04-27
URN:CornellLabOfOrnithology:EBIRD:OBS1383548238	106	106	32.3804326	-86.2308741	2022-04-04
URN:CornellLabOfOrnithology:EBIRD:OBS1387000450	106	106	32.350746	-86.211773	2022-04-09
URN:CornellLabOfOrnithology:EBIRD:OBS1418574199	106	106	32.309383	-86.181432	2022-04-04
URN:CornellLabOfOrnithology:EBIRD:OBS1381733611	106	106	32.369819	-86.180017	2022-04-03
URN:CornellLabOfOrnithology:EBIRD:OBS1402674641	107	107	32.3351544	-86.0373657	2022-04-23
URN:CornellLabOfOrnithology:EBIRD:OBS1406468040	107	107	32.3582845	-86.4544322	2022-04-27
URN:CornellLabOfOrnithology:EBIRD:OBS1392441182	108	108	32.054564	-86.219386	2022-04-11
\.


--
-- TOC entry 4698 (class 2606 OID 17825)
-- Name: common_names common_names_pkey; Type: CONSTRAINT; Schema: public; Owner: postgres
--

ALTER TABLE ONLY public.common_names
    ADD CONSTRAINT common_names_pkey PRIMARY KEY (id);


--
-- TOC entry 4696 (class 2606 OID 17820)
-- Name: scientific_names scientific_names_pkey; Type: CONSTRAINT; Schema: public; Owner: postgres
--

ALTER TABLE ONLY public.scientific_names
    ADD CONSTRAINT scientific_names_pkey PRIMARY KEY (id);


--
-- TOC entry 4700 (class 2606 OID 17832)
-- Name: sightings sightings_pkey; Type: CONSTRAINT; Schema: public; Owner: postgres
--

ALTER TABLE ONLY public.sightings
    ADD CONSTRAINT sightings_pkey PRIMARY KEY (id);


--
-- TOC entry 4701 (class 2606 OID 17833)
-- Name: sightings sightings_common_name_fkey; Type: FK CONSTRAINT; Schema: public; Owner: postgres
--

ALTER TABLE ONLY public.sightings
    ADD CONSTRAINT sightings_common_name_fkey FOREIGN KEY (common_name) REFERENCES public.common_names(id);


--
-- TOC entry 4702 (class 2606 OID 17838)
-- Name: sightings sightings_scientific_name_fkey; Type: FK CONSTRAINT; Schema: public; Owner: postgres
--

ALTER TABLE ONLY public.sightings
    ADD CONSTRAINT sightings_scientific_name_fkey FOREIGN KEY (scientific_name) REFERENCES public.scientific_names(id);


-- Completed on 2024-09-30 16:07:16

--
-- PostgreSQL database dump complete
--

